-- --------------------------------------------------------
-- Host:                         localhost
-- Versión del servidor:         10.1.30-MariaDB - mariadb.org binary distribution
-- SO del servidor:              Win32
-- HeidiSQL Versión:             9.4.0.5125
-- --------------------------------------------------------

/*!40101 SET @OLD_CHARACTER_SET_CLIENT=@@CHARACTER_SET_CLIENT */;
/*!40101 SET NAMES utf8 */;
/*!50503 SET NAMES utf8mb4 */;
/*!40014 SET @OLD_FOREIGN_KEY_CHECKS=@@FOREIGN_KEY_CHECKS, FOREIGN_KEY_CHECKS=0 */;
/*!40101 SET @OLD_SQL_MODE=@@SQL_MODE, SQL_MODE='NO_AUTO_VALUE_ON_ZERO' */;


-- Volcando estructura de base de datos para db_fact_quantum
CREATE DATABASE IF NOT EXISTS `db_fact_quantum` /*!40100 DEFAULT CHARACTER SET utf8 */;
USE `db_fact_quantum`;

-- Volcando estructura para tabla db_fact_quantum.aditional_field
CREATE TABLE IF NOT EXISTS `aditional_field` (
  `id` int(11) NOT NULL AUTO_INCREMENT,
  `name` varchar(180) NOT NULL,
  `value` varchar(180) NOT NULL,
  `invoice_id` int(11) NOT NULL,
  PRIMARY KEY (`id`),
  KEY `fk_aditional_field_invoice1_idx` (`invoice_id`),
  CONSTRAINT `fk_aditional_field_invoice1` FOREIGN KEY (`invoice_id`) REFERENCES `invoice` (`id`) ON DELETE NO ACTION ON UPDATE NO ACTION
) ENGINE=InnoDB DEFAULT CHARSET=utf8;

-- Volcando datos para la tabla db_fact_quantum.aditional_field: ~0 rows (aproximadamente)
/*!40000 ALTER TABLE `aditional_field` DISABLE KEYS */;
/*!40000 ALTER TABLE `aditional_field` ENABLE KEYS */;

-- Volcando estructura para tabla db_fact_quantum.audit_user
CREATE TABLE IF NOT EXISTS `audit_user` (
  `id` int(11) NOT NULL AUTO_INCREMENT,
  `concept` varchar(255) NOT NULL,
  `company_id` int(11) NOT NULL,
  `users_id` int(11) NOT NULL,
  `create_ad` datetime DEFAULT NULL,
  PRIMARY KEY (`id`),
  KEY `fk_audit_user_company1_idx` (`company_id`),
  KEY `fk_audit_user_users1_idx` (`users_id`),
  CONSTRAINT `fk_audit_user_company1` FOREIGN KEY (`company_id`) REFERENCES `company` (`id`) ON DELETE NO ACTION ON UPDATE NO ACTION,
  CONSTRAINT `fk_audit_user_users1` FOREIGN KEY (`users_id`) REFERENCES `users` (`id`) ON DELETE NO ACTION ON UPDATE NO ACTION
) ENGINE=InnoDB DEFAULT CHARSET=utf8;

-- Volcando datos para la tabla db_fact_quantum.audit_user: ~0 rows (aproximadamente)
/*!40000 ALTER TABLE `audit_user` DISABLE KEYS */;
/*!40000 ALTER TABLE `audit_user` ENABLE KEYS */;

-- Volcando estructura para tabla db_fact_quantum.branch_office
CREATE TABLE IF NOT EXISTS `branch_office` (
  `id` int(11) NOT NULL AUTO_INCREMENT,
  `name` varchar(180) NOT NULL,
  `phone` varchar(80) DEFAULT NULL,
  `address` varchar(80) DEFAULT NULL,
  `email` varchar(60) DEFAULT NULL,
  `emission_point` varchar(3) NOT NULL,
  `environment_type` int(11) NOT NULL,
  `emission_type` int(11) NOT NULL,
  `company_id` int(11) NOT NULL,
  `is_active` tinyint(1) NOT NULL,
  `is_deleted` tinyint(1) unsigned zerofill DEFAULT '0',
  PRIMARY KEY (`id`),
  KEY `fk_branch_office_company1_idx` (`company_id`),
  KEY `FK_branch_office_environment_type` (`environment_type`),
  KEY `FK_branch_office_emission_type` (`emission_type`),
  CONSTRAINT `FK_branch_office_emission_type` FOREIGN KEY (`emission_type`) REFERENCES `entity_masterdata` (`id`),
  CONSTRAINT `FK_branch_office_environment_type` FOREIGN KEY (`environment_type`) REFERENCES `entity_masterdata` (`id`),
  CONSTRAINT `fk_branch_office_company1` FOREIGN KEY (`company_id`) REFERENCES `company` (`id`) ON DELETE NO ACTION ON UPDATE NO ACTION
) ENGINE=InnoDB AUTO_INCREMENT=4 DEFAULT CHARSET=utf8;

-- Volcando datos para la tabla db_fact_quantum.branch_office: ~3 rows (aproximadamente)
/*!40000 ALTER TABLE `branch_office` DISABLE KEYS */;
INSERT INTO `branch_office` (`id`, `name`, `phone`, `address`, `email`, `emission_point`, `environment_type`, `emission_type`, `company_id`, `is_active`, `is_deleted`) VALUES
	(1, 'GUAN YIN ART SUPPLIES', '', 'PICHINCHA / QUITO / LA MAGDALENA / GALTE S9-46 Y RODRIGO DE CHAVEZ', '', '001', 48, 47, 1, 1, 0),
	(2, 'Sucursal B', '4124837191', 'Urb. Santa Cecilia, Av. 5ta. Casa 7', 'cardenat@gmail.com', '111', 48, 47, 1, 1, 0),
	(3, 'Sucursal C', '4124837191', 'Urb. Santa Cecilia, Av. 5ta. Casa 7', 'cardenat@gmail.com', '122', 48, 47, 1, 1, 0);
/*!40000 ALTER TABLE `branch_office` ENABLE KEYS */;

-- Volcando estructura para tabla db_fact_quantum.client
CREATE TABLE IF NOT EXISTS `client` (
  `id` int(11) NOT NULL AUTO_INCREMENT,
  `identification_type_id` int(11) NOT NULL,
  `identification_number` varchar(13) NOT NULL,
  `social_reason` varchar(255) NOT NULL,
  `comercial_name` varchar(255) DEFAULT NULL,
  `phone` varchar(80) DEFAULT NULL,
  `address` varchar(255) DEFAULT NULL,
  `email` varchar(80) DEFAULT NULL,
  `company_id` int(11) NOT NULL,
  `is_active` tinyint(1) NOT NULL,
  `is_deleted` tinyint(1) unsigned zerofill DEFAULT '0',
  PRIMARY KEY (`id`),
  KEY `fk_client_company1_idx` (`company_id`),
  KEY `FK_identification_client` (`identification_type_id`),
  CONSTRAINT `FK_identification_client` FOREIGN KEY (`identification_type_id`) REFERENCES `entity_masterdata` (`id`),
  CONSTRAINT `fk_client_company1` FOREIGN KEY (`company_id`) REFERENCES `company` (`id`) ON DELETE NO ACTION ON UPDATE NO ACTION
) ENGINE=InnoDB AUTO_INCREMENT=7 DEFAULT CHARSET=utf8;

-- Volcando datos para la tabla db_fact_quantum.client: ~6 rows (aproximadamente)
/*!40000 ALTER TABLE `client` DISABLE KEYS */;
INSERT INTO `client` (`id`, `identification_type_id`, `identification_number`, `social_reason`, `comercial_name`, `phone`, `address`, `email`, `company_id`, `is_active`, `is_deleted`) VALUES
	(1, 17, '214748364756', 'Cliente 1', 'Cliente 1', NULL, '1773 Crossfields Rd', NULL, 1, 1, 0),
	(2, 17, '2147483647', 'TONNY', 'CARDENAS', '04124837191', 'San Diego', 'cardenat@gmail.com', 1, 1, 0),
	(3, 18, '1234567890', 'Cliente 3', 'Cliente 3 comercial', '7866017730', 'Valencia, Valencia', '', 1, 1, 0),
	(4, 19, '2147483647', 'Cliente 4', 'Cliente 4', NULL, '1773 Crossfields Rd', '', 1, 1, 0),
	(5, 18, '1150014512', 'saas', 'CARDENAS', NULL, '1773 Crossfields Rd', 'cardenat@gmail.com', 1, 1, NULL),
	(6, 18, '1150001454', 'Test', 'Test', '4124837191', 'Urb. Santa Cecilia, Av. 5ta. Casa 7', 'cardenat@gmail.com', 1, 1, NULL);
/*!40000 ALTER TABLE `client` ENABLE KEYS */;

-- Volcando estructura para tabla db_fact_quantum.company
CREATE TABLE IF NOT EXISTS `company` (
  `id` int(11) NOT NULL AUTO_INCREMENT,
  `name` varchar(180) NOT NULL,
  `comercial_name` varchar(180) NOT NULL,
  `ruc` varchar(13) NOT NULL,
  `special_code` varchar(5) DEFAULT NULL,
  `emission_code` varchar(3) NOT NULL,
  `tax_year` varchar(6) NOT NULL,
  `url` varchar(255) DEFAULT NULL,
  `phone` varchar(80) DEFAULT NULL,
  `address` varchar(255) NOT NULL,
  `logo` blob,
  `email` varchar(80) DEFAULT NULL,
  `digital_certificate` blob NOT NULL,
  `digital_certificate_pass` varchar(50) NOT NULL,
  `environment_type` int(11) NOT NULL,
  `emission_type` int(11) NOT NULL,
  `is_accounting` tinyint(1) NOT NULL,
  `is_active` tinyint(1) NOT NULL,
  `is_deleted` tinyint(1) unsigned zerofill DEFAULT '0',
  PRIMARY KEY (`id`),
  KEY `FK_company_environment_type` (`environment_type`),
  KEY `FK_company_emission_type` (`emission_type`),
  CONSTRAINT `FK_company_emission_type` FOREIGN KEY (`emission_type`) REFERENCES `entity_masterdata` (`id`),
  CONSTRAINT `FK_company_environment_type` FOREIGN KEY (`environment_type`) REFERENCES `entity_masterdata` (`id`)
) ENGINE=InnoDB AUTO_INCREMENT=31 DEFAULT CHARSET=utf8;

-- Volcando datos para la tabla db_fact_quantum.company: ~2 rows (aproximadamente)
/*!40000 ALTER TABLE `company` DISABLE KEYS */;
INSERT INTO `company` (`id`, `name`, `comercial_name`, `ruc`, `special_code`, `emission_code`, `tax_year`, `url`, `phone`, `address`, `logo`, `email`, `digital_certificate`, `digital_certificate_pass`, `environment_type`, `emission_type`, `is_accounting`, `is_active`, `is_deleted`) VALUES
	(1, 'Quantum', 'Quantum Ecuador', '1234567890123', '123', '1', '102018', 'http://quantum.com', '+59312345678', 'Ecuador', NULL, 'test@quantum.com', _binary 0x4D49414341514D776741594A4B6F5A496876634E415163426F49416B67415343477077776744434142676B71686B69473977304242774767674353414249494674444343426241776767577342677371686B69473977304244416F424171434342505977676754794D43514743697147534962334451454D41514D7746675151362B41676E684750786D69677478725171454848765149434239414567675449684759304358503147425A70303134666D46683353364F337932647A366C44696A504C583846483979666C6F467047396C594F75436F2B52434D4F753644382B37357159544D2B736E452B4E5A45482F4C62776744546A69336B414D3168664C545034585463344D51343756705768756372452F6A726B654C683873333269474B68644E52735A412F54696C57586E4479507A2B5A3877667958624166544B53464D31315955524E533364394E59304E3053686D364B5376376A356F572F55357755475165673062697264537A6852374439573973777743686972434B414D624B576362736146754A555172566D776A754C684E6B646E4257686374726465414D58534F75304741487537474E6D59306F7A656A7579703838666B73637943722F3976526236586C556D6D4F37496D724F707A61414252566F35426444307A512B6B656673534F4D2B51386F797559637535794A706F5765676A5037344D6F78564A36446A42344344484A4B4470575A4A4C6D6D6C4F706A735A464231636E346D6D7A53613353645269564C753330506C62773132595277796B596F725A44704B5A675276306F4B57734C4968356B6D5958713353686732364D615A3859566B72334E565A387542366C46626932356B446B6D6D4D4531396556576B53726C396A714C495542346B64372F4B7A5332747578692B596F54676F4B44756667554D6A4A7847366D793775657A4B4E32364259744673796A2F30353656464F4736637438746B5A747A4766585274443175776E645A597854364837372B486F4765656C4872426177485135336C774B737150372F6A35794742382B71703653627939635841337A33414B374E70596B5A327578614D2B55614B774D6B78546E5471516B755A527A4A5348427334484C43367632793074684E5270573378474659762B3579582B4E7738342F5769506A4A504D6B6E6130654B55734375307A61467479617A3339354F664E337354495539683070584430373049764141706C4164554F3277472B48703867724B797459414E2F455A71594547545551637A636178676E6F7161416A546F76476F66763733516A634A31566543787778462F3957372F64576A36316839554F6347394D2B3430324F7756393267396B4A2F52513644436A6E38452B6C6C62347749517745444A4C6E69755A5339777377545433306F2B4B4B647A5738375A38466A625642782F61357044484F4E4D674E48316244594647384F6C4B59715A7754514D69426D427047714A63396E435A63584F434F48706A6B4E33655A6C4D7576415965797949632B7351322F526A4F34625078486936775079447661796B4C4C494E3933643551596E534737737946322B32502F4555574C763468756341724D7548393634486E4C5159587A496D4E74784246726A4C4244754D704A7846395755566C504C3655567A2B4E79716E532F412B562F4C502B4C4836356C66586D4B4D6D584C725849586E6A59567A71694B35326F6E5159306B653879363241324A4A4F6A4758434775797843487057327241477A2F68524265336279783870776E4C3871715845793048726D373665416E5747444264565A2F503867526F712B66565A2B445139734F6C326B7158384936556B7832454C78546A627252454A6453764B44642B4E637852316F496870544D5A6D312B74356D6D626D6E6B72354F374D786172414A6D41436E37426B7842502B4B6976676E69464F537774764F4A2B6E7756634C476C396738707947634635576B6F305A31366E5056646B4F527A75574F356C48505553786334674D2F39387236576E6C706C67564F4C2B502B457941654B4D766B576D6A316B70764C78764B6432615074642B754C76324A2B4D717374452F74486B543750346C5A77424C2F3252334A6563484E46656F4E4C68624E7677585976624D32446C772B39486F384B6F456E6A594E3433434F6B55654A53796A4C356D646352664D57796E504A37334474612B514F5079375A4B465537446A4B7041654F4B6D7432723739796A4C5455316D6E2F2F7A536436792B364D523953574A78426E345269384252524659557358594A4B37756C4F72744B2B4D48632F37686D576E4970673355375672326A366258793834396D33417133595255465272394D46797669564861622F5879367738656654786744565177583430636C636C6F4C482F66386C337063772F71356F48624535465135456A2B4F776E4F583930786151572B4A76716F4B4844434D4A38734A574D5947694D48734743537147534962334451454A46444675486D77415451424241464941535142424143414152514256414563415251424F41456B415151416741456F4151514253414545415451424A41457741544142504143414152674246414649415567424A414534414A77427A414341415577424641454D415651425341456B415641425A4143414152414242414651415151416741464D414C674242414334414941424A414551774977594A4B6F5A496876634E41516B564D52594546435A2B61475359517558592F75502F506D354C4D3147686549467241414141414141414D494147435371475349623344514548427143414D494143415141776741594A4B6F5A496876634E415163424D43514743697147534962334451454D4151597746675151695662366A5938796D5A61443641645A70616F6857514943423943676741534346476765494C6E717876697A47776B79734E336B6137534A4542776B2F6753697637395937742B69766B34707A532B75416C7762516F656C4D4A376336473269364E756B78746E756E4165324D3432434A6D506A6C55344472715169736F484B42463163367234793830314F495A7777423267515A7A5A5A6F72635655445A764938714566786B616B4F536E58474176507343635A416B36676B4C354C58344348582F70396464612B746A2B2F4D4746633467366441572F4C6A3157436334765A364D4B4A7631724F6A6256782B4658577256682F32582F5263705554634D6242595249644754335A31374B4864432B57466D4B48384C68547157697744636653637345355665426E6F594E354769747A51643569575472344C3349415539336639515730556A484B694878544A7A35496C4954646438386A71586D764B61315963316257564F78506166485663533876565376377A69614C4C3957677756324230324A635436754731466764467831434E4579336A79584C4C52434953555462326D72615A4D37574C6B79326E6B72733777454D2F68427036663137676C777A7149706F49453848476B526A6B4A5146675134576D63385A5456664C5A746A795364427046587365772F55546D6B34353447695673495A6256776F79526F4F3835534F78435133363269756D707061516C50665946724365526E5348324B536A6A675339766C393934364963452F6B6C7764507373366B7267636269786F3459766863706F706A6455515A6377316F45734947636B53734A2B46596F62326A746A7367524E68414E76366C686F75713956716141664A774163756176616463552F477679417465424879534C66397A6C372F596F436649483846704A5976714E79385172313568624E7832796E706C736A7074453551317473776C584837735054456D6D4C53386F6B6F4552784256726F775563496F79434A596C6D6F396470317947776D6B644559664A724F45584D7A4448514245544B64776C7873464749683858304C3043516F4965526931415174714F6C516830696549454266623062544D4E67467076512B484A694D414C5864573646506E70436E47616C68636356413032546B4C676A744D455A73446F4D65463473457070494F7A42304D376F7049497A47392F6873636B674439696F31556E335055694E656C394E55367A574F3469643769754B344446504E4366524A796F5455393043507A506964626C4A516A314E66423736695A327A4F396373566B785750534A6272637671385A7861445771664D63336C6C4458344A69646B6B784C564B6D7168796F5A783953354749377A4E7844514E575A357975676355773647474A4E2B64614F33792B5463363767707068737A69346672394C307A484A513473516561454D43327650334E614B796765527472534C75596634483235623242737A754E6F303263484C6C6B572F4D58622B5377596F41504262757968562B493853614E387242696A427335723366576F75656D6752534D41797A31772F467A79364530655A796666702B77436A43544D50686569544D75536A65374C50702F623169667A4E46692B30454F71376B6E39596B76752F354642577A46364439633763585579766F69446651656E7763312F54716A6E4A752F45756C34305364374D4854767443534D4B6765444B58334B515A2B384B78317061647A2F513947767077666F6A7065386470594C5252386859346868386C70713657755742652F5372564E47386B7A496479624C4370674F3543375076497641487063336E764377594666454D69334F5A586343785450496E696978393554743761394E474D645953366969544E773250594A4F56484D5761377A3669394B672F56626C6D67486D426B566F6A57663656564C2B4633485A574778325461454866384A7A397768626C3250474F4A4B5456664D6172624D6F524B2B502F3963777436375471552B78314468485971383447556E565044542F624D336644486862367137304542424F634E2F4E784A4B4D6E6371786C454437496E34476C37445431526B4F384850584E4D43566B785A314F51305848576A4445712B73347565792B773268727931704370333941692F6741576163736F6F394550357A4859315349593651776141446C69446E65774B6E794147434B2F7742374E74303930584977463269764D6D695745536E4C376A596E44645A6B63344B46717174544D746F6455784237717879536E386F535A797735732F312B3778355459475935777A373575754D6C59686E6E6D74775252727A43636441426F4261385230547A746343464842377A6E4E586A2F513438544F3770452B6D713246666A4F70496173425764516F4F674B5A7A314846356743386E652B553151714966764B4F6B3674374830376559433775394647773238626D4363474B6C4F576532313243346A4253567947735255616C333470595849596C3165675544425A5A763061485754613645726974306352446D6D6E6C55307A4F6F624E3373785048303375755879366B477862364F4F6B4A674B6D4E3964642F7136465A763475387877566446654D732B35386B6B502F3071376D374A4675515A36594471617834494E682F38326D422B464C6B45744F2F5873344766387964744B77763551722B6944725930524A34396562564E2B762F4A35576147432B56616A6430766A534461794C6B594662594432486635794A6B344758726B415A7136327368594E356D67662B5362773255467848532B4B67555466497A63773744446A73584C694E5A5A516F6F636D30475866437852665A3268317064614371537132743339755679535866585671624B654555693357416D72433154566F50567946774F3633394F72415635554B4D56527231654F37444E6E4454376F564A506C794776785770484E596B7771496B4E75524C384A6775514845673053436977794B796A6C4D463150753551707158304674646272645A3937496F3267792B794551627774314B596D6C414D7631786D323861456458333261466A38762F4E4C362F784F3443635870355A7266615445794C66416854536970593870517276545230353072346C55664C3455556D724D596A6947483052547A56316435784A504E6264614F775561383468675A38744E48696A7A6470643677727657324969694262744B527459715055443533576C615A515057536E4547685539727A794664497269364650616A783652684F764F50494B44796430536C4F42394B6B5A676F7063506C534734446F736D3046504E4172474450596A65625A43626F525179484B304D6571336A63386F434433763145334437707A3045426F37494F3537742F7A464536314E365976616D576A654F6B4549467739384331667A2B62366A4F712F38526C5243786C616452455541525570794E564F6653347447486E47526D42564B756F5564354874385759586A756F6B72523166476F4A41652F6E4A74444A71755151384E4B7459707276507A61736E386B7563705930747464335732435135316463647A784D48634851674B2F623458792B7069465762752B79717064334475754D56322F6C6B7177724455652F5144617665666530654D582B58724C506A6E634D5A302F53757565706C4E65516E726F6E3071693159596A4D77676358704A782B4D4D726F466C5351344E38384352396A7076444F57675A484F50493874464F4A37466656624C4355734F72503678363969504F507568704E3930744C464A6F2B672F4E4E534B58683770794D31416B7A564355716C2B48745A446D5163697257504C6B2B74487966766F6C4F666367314A4C525A2F314D5A4C54386F57355A77446346523171385166524D5642722F7451792F3030563931456649367956686947774C76595252737A59397741633833514B473433725A2F4B7747614B6755616E4245596A6B355555552B55646849334F502B6765352B63504A36425174554D59303374446C4D5A6C396A394F6662713356344856554B57463231696D64775439633572304E4C4372654C426B3663326E766639507349727833566C3146756E4441664A326235554C34412F6E487248356678616B4F67515A545A4B4E6873556A777438556E366F6F514C4F714A576D775A6F686868615161756A4C4A7475774A6A6867794E586F66772F6152377145586D61555A626A454B6D57616D47706F53464E47302B423131787942582B5139356866346F316649466946645133625067634779474B6B6A7A47613472544246693530486E4F6149735944704573732F782F4C35322B356365692B6C534567574131655059695243564C705877683342307A2B767A6C595132787151587567555463474A6F334D7950416C2F37645A78522B556B776C446A4D674F6C784631784D68312F6452704138324A6A46567437683448344C66627979485A72426E3877303931526A656E632F673267383043744E477A386A474D6E72774242322B4163706E6C7772656256557535316B4347463363516467524D64614E4A63382F354156512F5A4E796270644E52436F744C6B514C356163514572517967413335313970334C2F657652634C304542306363484C39704A4D495A4E424B5030736D5A66714778793779344D38343767437557305957597A6E336C38474A556A5747517836334578784E597233425A72564866373175466431307255636B50693453764D48536462526E54744973705663567A7A5076476979516275693679716A4D6645324E572B304A57516F4435476E68307166746D586736326162704833554272376A674631546672784F39527630445356546C786D3973455A5A4F63714C44366E39365171387246694857536C633466304B58474A44766D615633667943543262614F4B6A465438545655784246443161567976774869533642643836666B424C2F67742B4D455A474874764141547978487848544C6A2B6465777042346D30793330796F6A3558593845414C676C6F30506334585161464836796C6C4151662B6F6269457A3475584445507A793568724A4644714A7871456E734662386D6E6C41657551446D736D6D7947416D7961675175626B47337636367A4C30527230756B5A46476B596D56694133496A6F684C4367353769724557674F4D6F4A49725745444F424F73635041303078366A38327957426C517559783942626A474975506145474D714D4C4A412F46655776364A4D444A7047635A4970436F4565324D6271554B425272504C504F6944557178564D6F414D76474259727762393777423669452F524E594B4144462F35455677353033554F6A4B367A73373557566E4A652F6E592B37743672314D6A364E7432645450713634797967554168555047476548327A3570312F795A4873316D764C746C4349484E6759616B6B376F554A726A502B4838546C424B5549675844574F56384C4B4839464C5132547138334B424844784A34613741675857586635786243533670366578704A71785767787976594E30524F72364D6D707761707A306D454B2F497151453451494E504161514A77644849456B7A794759505956594E62796E47683354495555535141434A2F484B506A5977736979392B69646574534E424252526777685065534278533665782B37566E6C773233396F6C477370326B6B785479675759496D34782B74737261464B7767446C533772596F70773338417472524D4139676143742B704B2F7A6573506D415143794A77574E6655697149722F304F4B7534724877343144424B77666D6B636450644172757579742B68623545464F78626C4B462B796D303451782B7A534A3057544E492B685536416B624374437844496468355554625A6D35693231663873444443374252775073596D4F78355A51436867524E5A4A4D4C5642396C5070456A44416C35356E555876392F564435517A72343673596F2B6C51524A7949794E72467854634634774371576F3457555A4C7163534D5753653763614E67454B4B342B35693838706A6D39497A4F4B71476E79466D786676524776416A4847727430356C6341774C676C424843354D6F7541306450446A372B654F7452576342453979626A484333766D474D77722B454239712B2B6C7A7A356E5037576554414832524673506C47496A6A356A564A6938455A726C354C5A2F6A6B5153654F48636443637630484C5A49432B767131397371776B5A4E6F4E6E53714E3362492F5A775A48367778472F6F6D56707078393761354864432F5A6966426B2B5269754A707967434C4A4933524A37476E305330506A5667445135635A2F7375316378443255423962716B30356570396A37346C76777530412F766C616357444675346276484F364F546C315A534E6777565A474F306E3362795448672B544B7647586D6B5576413365616F43336E474C794B486E536E377665506A482B4637396249707549794D3045625642582F78755336564A6954634E55767554742B4371313562594459426A6B552B62316C336B4D3738444961756C524171686351752B7154636E38575245314C6C4179487636484F51617537446D524459596439474F5A556F6233586E49302F36356861445179352F7575556A67433274544439316B795A49456E714C3978384434767857582B3258773470766E5A6F7A54745A46532B36696D7A4D78756D6D693171425051457768747332594D5A2B33684754436834786F457854582F6C5053356D66547642724C30496F5579523767546F6E2B69326D6837772B3779665242456B3474614E46464E2B7537776C384852522B4D54394A47772F70747231553530444F452F76676E34616F31647A6944534334326C6A5471745931333279536A6645726757335738597A41376B7973426C5259484A3361336F794431533759535376747446744E366D4A4B45336D79523477735265677641597A544965577A36426C544633543967626D465543696E4E6F6F4B304D69326677564A796A51414A7345554A75453462335756652F5077324F384B554E596A43753936423252693146784A68304977497046326F424163712B51542F4A71796566703956692B79697436474578327439764D6777377350466F305A487635535976514F3273747968664376663372397334775276306E6A4579364551595272616453675567466C587A6D4F304B624832392F6E61444A75345337525076734C34346C6A51364962576534786E724F39626943547336524D6C533963303758772F6B6261452B7258693157737454423375566834367966504C714F6A6A4A766F5A75435A677A5271706730556D376C356A556F574A464C652B59372B654E3445696F745168746779614649584256476C3574672B454D6B467937524C5437626561376D426274516B2B6450304A566463416A325946624E767737484B72324E4678693776754B396733524C687972474E71654C455A68757754382B6A573043646A44437A45304A2F45477273537062735A4355474E4F7A58433368566832505752365668466266325550556431556178314D47744544494E7A324F454432665972632F73507044574D45473234417439692B6F525171345A334C66525677535837617A4F4A53316D4F314330754A65306B524267794E50673576314B647465595967364D726F364C3978514F634E32563437424E69596A376975306B6267534559347552436D4D7931746C4C534167564C7432726A664D6741656C746369446B424A79502B4751542B2F713869447A6B375375712B56776A73487A734D514234347871424B514C30687A706B6239512F4C4E6646785771374432534F3662346F5541774C5341763746547A7759547A41357944566C724D494579364847597070323537574B2B2B37585254636D4346672B7463644C533645684E6F5466676533513678623649616E6F502B4264514D6578704F5653764377496B49596B69673156786B6D6C394A476F384A3049796D3667566B5335734243336B33446A4E67746350415935734A6D55454937445150494B71527749495734574F3057447552634B78714A6C7A47416951536E7945304B3447474D6470462B4D676F4A432B3969313245496C2F32344B6C4F706D737861476B2B73414338347A36625A73676A4476536C4845584B73354F453131624F61376C2F7631796B333438465865516D55555A624A31534138632B65626A35557531656266704F764164324C5241722F7157354A4D524C6D47467A553942364652685239746564686F4264636950344F3966456D6C2F712B5A7139556733377361456432335732424B766334674F65304948734C35766758515939674E38322F52484B52435466707452583868314C6873427274696F69615666426370503955302F4A434C3138755642307961592B3063614445514E48686255432F367930705779537462536E59472B50492B454C47344F656B5A6E42384E764873717558592B462F316D2F367471496E516A37476F7562454B79357076556E445065755A61565167694A416562784C674D37633757314A6E6C424F6A6A4665734B7851752B376A75452B376950496773792F377A6A692B46334B756867476B4C2B6271596156644B4C42724646586678586A3146574F534359762F4A6558494B645838506839424C724F3055596953327148545A683964783356435731495467774745466D6977617A4679764E354747724D616B7744554665564B7244636279594255526332783330584C2B6C76774134554C516642624A444C582F5A63535257557A4C795A31664368613631426C5944366E69434B6373354B4237536164525179346D534B374978715776326F364E65544353477044477651655161542B676A7A726870656462515A474A37363335314942794776353439566E466D49743442424F66564B64552F6F7A66693754394D6D49664D386D32652F4D617343554D6B2F7261313234594F54492B4869727433344464452F6D397368487A2F4B784B4132784F77756A586474645050557849314558676A466C7656646572387452506B5873443141626F775546504979316C6744313359356944796250474130594A4C74304A517834706953623249563951317437474B66726F5572647232595A5957657554636D4452372B674466354F4D422B57672F6E68413331713358543069566A2B334C424E6C427641515463556E58652B6E646947545A7975455033533334762F4A426236774376303632664E4C383753725444704B73595A7945494955444C4D52784E51687045436A75544D444368786A6E68383643793359525A34494E5774364961454E7062787274715679627552624544666654634739427A58304D4871694D38703274344B384A6F4B6C43656F49743955324A395A397841536C44573930684F4264614F32457163782F5A593969586855534D5A4579644534756B6D6638752B53574745434B734E48584C636C6E44715347355752777172656D6947657A70302F7A5832646A464C5A673476727962317964656632574748696931657A466A46506865716E523038314854516A6B4B5A2B6770744435746859656F43797245622F324B44676C5A6A726E7269313437324F44324236674C714934735836574F55706D37746A676B375963456978384F6A645468314E46304241683332447168756D4776574141414141414141414141414141414141414141414141414441354D434577435159464B77344441686F4641415155786D565650355375646E555243774C714563364A76506848615A6745454F384270303365564739717031574C7255474761655143416766514141413D, '123', 48, 47, 1, 1, 0),
	(30, 'Tonny Ivan', 'Garcia', '1234567890123', '123', '123', '102018', NULL, '4124837191', 'Urb. Santa Cecilia, Av. 5ta. Casa 7', _binary 0x6956424F5277304B47676F414141414E5355684555674141415377414141426B4341594141414138415133414141416741456C4551565234587579644237516C5633576D2F306F33766679365732716C566B424343516C4A594A516C3843414D5967414C4D4D6B42323444414E7347424158757763527A473249444259412F4F415477654438453249486D5741557359495945435374334B436558512B5955624B7333366474562B5858703074325331514A4C3161713358742B2B396461744F6E54726E72332F762F65393967724973537A33477256516D61616843756152495571685169615234365968354B6F57424649623152357A4E7A38686E655A2B665355456F425A464B78556F4C336B746C2F5A754D2F5173706A4752485A3476344C4A434B5046555563636863655A37625072534366374F385542776C796D686D4753754F36314F58716A356A7278622F466B744E57743456415364576155646B762B703939662B71346533363954463234737250566E7067705163656451384565774A59315552505653784E59714143344E6F4257454570465956555A464951534A4742552F31484D34634C5568736B436253344D46546348566559564C445148306A747A67356F734A2B5646557A6B5758584D54746542734653657034706A523059707A564A46596149384239314378534262494F583577397668376138774D465270774D5278646F4254646454536D72376A637A36746748706C572B6D426C52373433766641486749575539676E64624F785954327847353856556C6B574371426151663062593171466974464951646853454D66473162624D53614E4D366F354A367A633871507676663143333333714837722F2F666F563571623357724E4B422B782B673161756D4663596A48586A51766A703433557A46796B70706C425A4B6B6E4148713276674932664D55686B725734347A7A706E383962753748794262767132413166642B6D4B366359615548716835344841427235313335634E4E70352F766B475141514B597777426157466F517977736C7936657631392B7359337239446464392B764B477772446D4D6C59614A576E4B675678516F78362F4B2B5A7164374770396F61352B31613354494D3962706F494F6E3163564B4577784C69704F4B3265316F54773253674763514B4642693577614964766671562F4464674C55796C465A36594B5548766C383973476541316652482B557932567A684B3566735A6A767071742F4138595770687470554B773141682F716F7955684545577578582F69726357446663764631667665416275756D577536537772614473324837354D464F526C65713265316F314D364F7033726953704E526F4F4B6668614635785747724E586C4E3678714872644F677A316D6D666655504672637145424930436F44427748355333722B474432686C61376551756C48366453386639667432716C664F73394D424B44337950414175504E6C79705546376D426B373468455A357272494931556F363176504178734A4142697833336C766F777139646F69757557712F356856787865314A523246566552477046585955675252476F6C3351314F5447686470796F79496371306E6D314F374869714653614C6472666D6C566A4F766134773358556B6674725A726F474C444D5863366E4D4649524E7745724D496639646D774D595833695167474D733278483274724B74394D424B4433782F656D4450414D74527834784C6478514242726D7143474B31465261336935515767534C4365474241495732626C3470512B74634C72744E46332F695774733850314F704E716968614B70556F6276585558387A556A747347566E6D61715275334E443035715537635570454E4E4458655662382F70797A744B34784B4A533270315372553630696458714354547A70657139614D612F567379794B493575514B736F707857526A532F355A317546472B687031596632304D693041436B55384F74514A5933352B52756E4B576C5235345048785954665A523957686D456750487372777346515A6F42304C4443702F77447A306F33586E33466E333269312F572F444458634A697243474A466356646C6B436A4E4167335458456E53566974714B63674B5A656C51592B324F5673314D61357A77594A597148513456716A42665652774879724F4242734D35426346516E5262734C6464525278367159353939704E62755659475759637A44544C754842774565506A4C637162344477497A733154743530484E6C4E4B333077456F50664F39375949385A466D59577A6D7633575133536F666D6F6F67686E647151554C704D47706F4669727A53564E717966313055585836373131392B69734432684C45545745436B50384850464B685370784B466C684B68554649514B386847694B3431314573314F54716962784D6134346A4B71673332316A7772714675514B59486842716A4171564F59446A59323364646968422B765959342F53766D747265554D68786241756B7A724175484A467072756F51346B303273484E544D517174466A4C77705158705A4951782F334B747449444B7A33772F65694250515373517350526F71496F4D4A4269516A4E3944584155616E46597174304F71676C65536A66636D4F6E6969373674396466647169774E4E4445317179324C41324E57754D50355463357879724269596F5A5975534B633555557146534E4E744675616E6872624156684547633230717A6950437A327231384B6B445A696E364D55365361785671366431794345483666416A397450734B696B727043523262526443553336417232326B49414B777175414244536F4E6E454C6C4E5553697971717565475662365947564876682B394D416541785A41344E4C4F555545634D46595978675A537A6B5275753733555A5A646670357476766B74624E2F633147454B5751685668714342705663797138716B626143324246574252356B7143556B457855466D6B6D7568456D706B615679634A56526A44536853344A48364A44686E5332547559553673564B77684C3952666D4E5571486D7036653147474848615A3142362F566F632F7356654A542F464B707A49773041494B7049644D33414D764D393157456B63494177484B49776A65334538335A392B504F725A786A70516565686A33774F414257767053386B7065686D5964414256717175586E706D392B3855376439353337646673643932725A396F4444714B6B703678714A6756586D5A56623833763141465671575A6D5041584A504B705352614359715177483271384539634D4B314B654156695632515A6F56516B306A5A796547724469566D494B654D41727A555971696B785246436C715338383466422B64384A796A6463412B5165564578327A745333475971395847424D5330684747563172614B59666D32416C6850777A6D7A63736C5059412F734557414254494E736F4B4B4D4C47635074784F664C53354B56313639575275757630335858332B37526A6D4D43374D764E69444C69737159697475784374694C706669454B7379483156434F6F3467766E47474E4647596A6A58646A7A55364F56795A684E71705467596A59415942734A425943664E5678554E616E525734675A6236314A4453324258674E61587559365942312B3272642F6E74703362353736644144573559704246534E686C494C456170465148636F2B68384F5744763839302F676656773539556F505043313659493842613453767531497161446955627239396F413358336146724E74796D4F2B2F63714C4770565670637A495335324F70306C62546256515A696D69724C526D6F6C5661714F415A554A53577554454C5947347A4754454B71554B73704874644E3942324246533734752F6C5035767972674378706D5A70574557426A6F6B4556646D59764736734A4957375A7330647A57683752757637313131706B6E3662686A5632757975797961324D682F64464F5859367845435A38573832546C4970386B50624448674757704E4956303333323531712B2F5264646365377675766E757A43554C4C73714D6962436C4B326F70614C5A4D3939624F4252746C51375861693862474F42765062617641416243726E2B35493271677756456F6D7A4B47476D4D4D7330336D6C70646E4C4D484F6746444374777664634F6B33434861536D5A7243494F464A4155485A624B38704747365542704F6C4B6153344D384D62615844725972473835727246566F33543672644F714A782B72305539595A434C654963434C5772384852594D2F4D7778584165704B4D3435566D5045313649436A4B737654306C53715A626B6461546455485666534F71646C4D6337614B435A4C6D4239493131322F527437373562643138303530616A554A314F386A4C3278714D5375564671474757715368685743307235344C664B732F356247536D485A75426A4A33444A51326867674B57685951307450494D555A5A70724174677561786855455551363562744D4364685752576F414A5344624B53307A4A55444D6E466B35782B6D492F57486D6449304E6E3159336C39554F5670515166574930627A32587A756A5934382B5643392F32576C6D466C49314971685644745A4E4E5868564476706D762B33776279316C567A666C385573687861615336326B79326C59756336554839724148676977764C574F464F552B4B445057743043395A68497863514435504A705172716570555554776D6C4959443659464E3071632B63364875337A4C5177765946387965316B34354B564F6D6A7A4D724B654C6B743831765866714443454C4A366E79534A6D575935736F4567714C56594F2F78595956415666436E546B5A546964452B30656E704B3435324F536D724D35416848716263564B71715061383731496C6465534F324A63544E4835374E432F547854507973314B41706C4A6D534676515657415149716C6338764B45785474594E636B536E682B357161374F723035352B6F5530343953744F7A56664151375261346B34306F5A304E324E5265545375565157724A523862454669714C57772F4A3564675130682F586A6F4D717A584E6B6565773855525748336B74655969683935726E362F72346D4A696158787436756A45795261574668517539323233334B634C4D757163566D5774636277736266746B58374A755469767A6277686C6B655675552F37753132766E62546A4B4C5231624779736573675864514A2F454767774746696243535A78544B374C2F2B2F48333770317136616E7032316650764E3948716D4E54366276672F6D467369534E786153666F35474B664535784632465356554F71554574444A63724C61496C56624E6F7366655066723944584C316D76724C32507469354B3657426F2B5831744A415449477A496333595743756C4A654A626663735A6D45775268504656564567703776424C424736554339546C65647544494C32324770795735586E535178585A614252316D6479385265786E36716D31564567515A7049567A7A2F614C55596948317930416A6F704F31557A34704D7356356F5743514B7076764B78366C56704C50414B7449315A74736135544E6165312B307A726A6A4F66714F5363637246363363737254384F3262467A55353035504353716961703331463541665A486E57656F6D733848686241424C4267687738766550686B476878506862614D4B45305542445A5A482B2B74435343503937483965494148774E6A706447774D6D314136696778304152586177422F5842344378502F7332742B58673571446D674C7474327A62376A594E684579532F56396631765470756B47566C615A70506D344234304A6C345655576F775368546D59785644456A537069335346642B2B58566466646233757666642B39596568386D524767787A787074524A576B716758336D78424667684376496C666668797743705538734F774D6A73525A694969745167665A55707275514B6B426241713031526A53614C5A36556D4E64636776544657577161554363584F573242786767583471694C526C66743655596F445779463452674959717245787071436A504665566C4256674C66635844764159734148436B2B63453264627152776951544437796A6A7A70455A35782B6B67342F644C6F71526D69504F693635554E52475A5A2B71514E434651697673374569737276463668574539766B4F35795967344D7345634A6A6554394E4A4C4C3958713161743365304A41346A6E506559364E4851634A2F38483367324678726D392F2B397431646B686B34415141597A4877436D687854544D7A4D7A726F6F494F57726757675A6D753157747130615A4E6D5A326531754C686F2B7A7377305165413033333333576637386E385931723737376D752F32786E3450623533352F452F6D6A6E646C394A536C7170316868726D41456A6C4233706F6937542B7567653034596262646574743932727A7075324B343762474A326331562B6341786B456F2F76416E77613663595555776E3130416C736B5A67714B4B336C6D5358325252757771777174416A39613851694B623952574E7573354F54326D746D6C647052714F466F515A6D474671576B736D6751685761476A724A637737534B544135486D666D75736F426B4863536664525353576C676F382F5041485073567778705767495876433864576B5A72504C533149724D345552716E533059496D4A396F3635586E5030656D6E6E616839316A593837775A67414767564341696F76497133766B4575643468694154583257616C59757166446D676B4E4B3247534D2B475A74494441427A377741643137373732375066774C582F6843766665393739586B4A456E335A455A556572314B6347772B6B752F7039705776664555662F4F4148445744646E4F5756646D7A667674314143325A31346F6B6E576A756E70716255362F57573272516356423277502F765A7A34706A5833484646585A6467426A58644D6768682B6748662F414839667A6E50392F4530302B314C636979375355336D7768646D6C564B64527A544142585462763331493333373670763037617476304C5A745134584A68506C6C554B7244676F49577569596335496737533556467476522F47774337595668576256516B5065384172424C303462693179565A6B7554453341384F693146693772596E656D43582F6A4E4A464D312F526A6C706154786B717A5176315234554777307844574939564D6131456E7A6A724B6D6D444F3830526938594B51625242716E782B6F48414577776F566D6559685639514B4E4D7A3669754C6379746A30463764716358366252537252627831782B4D45363564526A7446634E5841754C5134324E593537675179734D534375355254303048755A30707930374B57337A56427446543342376D61544F527069556A4F644C4C726C453535353737704B2F5A31644E664E617A6E71552F2B5A4D2F73642F347872694666545342345874316965765872376432776F346349414573544468385467414E6A50454866754148394F4550663369704757344B633733733632596566584852525266703933377639335464646464707A5A6F316C5A69375A7041414966382F355A52543949642F2B496456537431546141764B62464D70484D4E71717A386F6C585261426C523333537464667457747575545361375859703349437A4B536C6F6F673154436E434679747041776234454D6A31712F78574D4B79454642617235563555326336375A466756694269596D466C592B624C6F594B61795651544E433355374C63765A4D3561566C356F6337326C79596B7852456B6B7432474368667071716E7859615A6F475673534861694A387178436C7553645270725668505461747553647457516762416968344F5747567335304E734F6B7948366B31305652516A4C66626E314736466D706F63557A626F61394E4439326E766656667247596674722B632B373267642F6179394E54362B6F387A4F6A69716E75796868387851614B452F57706A6F72387659786B5A6E34563139397458376D5A33376D455A7639334F632B31796275637050772B2B586E75667A7979773277414566414138446847736248782B332F76683137374C48363543632F7563507430616872524674686C76774F4E765A7A502F647A786A4178687A326777506463497741496D344F702F6345662F49474F502F3734522B796A4A394D4F51566C754B586E4B6C30584C4E464F44584C72356A6C7758586E536C766E6E5A745771314A70566D6649394B764B756B52666D58794D79754E4B635765363751556D6371774D4B76672F4D645078596475467554304F796A485168666D5963474C33577871634A6B443051443833526B41626A564D784E61505475724A4171304D42787041586B436571713031474A574B69736A705547694D4F79716A4E42315663664449417A744C3156515A67707250314D5A45435149784548792B57484E734B674145616E4D432F584775397138645976795971544A795848465961442B3470794A5761656D4A7A532F75465662747A2B6B7466744D36555576506C306E6E334B6F7873614A65685A7132554F37387546564B644972775056344433343367527934654D2F45762B6161612F543274372F39595A4E2B5A2B6347735037346A2F2F594A6A5A413539477A78377564757A6F656750575774377A466645764D46786A542F507938415938486A77436149343838556E2F315633396C54416F32574656492B65344E422F7970703535716A41322F6C35764C2F49342F324268677950582B36492F2B714E37786A6E64387679373163546C50554F6262796E53594B65374F6D6C5036327076362B7677584C39544E747A2B6B7366485647673579746473394D3233534E4E64674E4C54556D696975626D3570674D57384E4D2B7A41525931312F4E526171485A646B30356478596C684671464A57462F764F7175524D6670543334695A57745374524E437467744B776C4948726474667A7A3732614B32656E6452333772684E56362B2F516630693069686F4B7A4E476C53685457316D514B41386F416B69737277704E6F39654B536C7A7671554C536450426F575835675641485749477341466A586A49785834774E4B527871636D4466546D35725A5A52484A79664D4B43414E753362314F72792B495A4449593554557A464F75324D5A2B7673733339413352376B736C4C7956377037333271663158655A69492F4C2F587A614863515A46524F515365346D44723462674D4164304C76716D4D4D505031782F2F64642F6255446830546C657631384F39787476764E4741673359434D6B675775436158574E414F72676E412B6F752F2B497571444249783643697143414535735646557A62563232356A6C6D3937304A76504A4156434138454D50505754766B586B38384D4144646A772B662B7462333671662F4D6D666645714E6D614163445572466259304336595937527672305A372B734C6631514432356330506A454B755644366C43566973704B326C6D5A6170582F69736C75655947314477764143674E715245564C444D7345347068325A6248553254616F496C54736B637173576F594C70685A4257344C4D4670644177643775424E717935543674335765566E6E5845595872754363666F364B504762664A76334352646665314E757569793637527050745069494A5861593472616B38704B6D434B4A315A69454C58764B6C506C51726242554F354656663642614B616C4259564C35734D6F685069775956716D323164674373416F724D65504A325461496B53495570617A4B73713172534E46426163766D653958714646717A6430656E6E3347437A7636767A36375464716F4B72447453654B726F5A45333856695259657A68646D7344695A687A3337647072727A56546131644D78452B4C5351544459722F766C786E59764F517272377853502F757A5037766B3548642F6E462B587555654B51696563634D4A33745A5050585876472F766A64384875392F4F5576587A49766E5458437249676D416C7A4F354E3738356A6462487A32567469425079374B497051635870433938656230757675594F62566B6F4C57453544434E31574271317A42515871614A4732654E4B35456E794D7156624B7533567A674372724A3857536130424D4C39576E646F43594D5671617A69737041424A71797078584A52446C635769676E436B357A3733614231332F4E4636396A457A746A515843636C355774585A77702B39345A616872722F35626C327A3453626475334772526B57694D426C58304F6F70696A7361706C586B422B6C446B615947564C4374546A74537435566F5962426755634A796B4374663643756B6868636C63687977304963524C61324670695A506F305958745A324A435A61682B664B6B6755494E6C5A666264644442712F58536C3532705934355A55774F5679565274667A4D4E717968426A586850706548793547767230783277474E75774B34414E554D4A5839554D2F3945506D7039702F2F2F3074547861474262754369626E6B412F2F57662F2F762F31316E6E5858576B2B2B6D37715A465162387353307A426236796631313939356C2B304745787138304B6869636E5647673337367561705775565137574A6F6F4C5644656853717345546A5472576D344334416979696852584271585257415A57466A4D39684335634E634D354E5436765A61326A3633555A733233716665654B546A547A684B4A78782F704837677558737261646346452B6F6136705635565367724B50676E625A6D58627270356D7A6263634A7475757630755062526C51596F36616F394E616D3652516E79526B726974324E59714446566B6D644A6858365052514C31756F6844423372426845684935354D6C6D6964327879534A6F727A457153386A32346730596C72444D5170506A4865586C6F75626E4E7172564775726B6B352B6C3137332B42526F66383578446C7A4773414E626A4F554E57414373305A73693838696A6A482F3352482B6D4C582F796972722F2B656A4D6C576338547678587A7A6E31315342762B782F2F34483938547765336A65582B584879743473437A4C52556C2F39673958365574662F3762473933364735724E4934784D7A69724E5559582B72756A6E413156634379374C4A696D4545594D557167745A75415173664668324B343979314D733677346B44714A61486D35375A717362396445324D6448587A49666A72326D476671794B4D50317470394A4659494D367772575763514C5653686C6B555538616346696C7074633273444A787533534E66662B4B43753258437A37726A37666D326447326838656F3278724146614C6E7A3555615334397238466D49596F30316E4E78786E576943536B4748474879524A4B64474531493678636265455361466C3172465A5832376250613279736131564B51394B61744B6931652F66306D74652B574D38365A737041507171716639583175686F4D71314546346E74356F2F2B7A48767670446C6A6D62716B6438446A7241535A4D512F78792F2B662F2F42396A584943552B3753495270353838736E47777334343434796E334C41496269724C3871594870642F2F6B382F704F317447536C61743031416446586D75325535623365476378724B2B786F7446396642524156696B3252576B3631523170335A6E457261436F464C766C7056346A61634154774E792F5578376E6D323170626F6D70336F363970696A644E72707A394D6842796347557178587943734B3834725A4663714A377056564B574F7247562F4749685851436F50577748585866644A6C33313576517465484E732B70544C724B7735624A4859626B4C414A48536149452F39526771415157574B666D42437838675169327841634759474836316F746E564656716173446932674F726D4C72594836725436536B6244645874784572695446477771424E504F6C79766664317A37427171307646315A516C38574F374857674773505A6F30543366416175716F6D6A36347A5A73336D316C49464E4A5A4658507667414D4F4D4533585530312F35594D6B754C4973792F4F76324B512F2B387A354B6966576169365956423631315A39663043704B755A524454575A3954656444395970434352555538736A59565655316C4368684A6572636D51384C774C4A6F5271436C68464A7362674372465130303170335438636364706C4E504F556B484854797264723334615633455951645135614E364156593353716B45515653796253733835336B465975684F41613474323655484E6F3530775557583676354E3837703338357747526169344E796D3165706F626A4C517774366A567654456C364D6363734568385656677872424A687135546A59613931596F5976414753565461686857566A356E453537584F6C6770424B78615A5171446861317A7A356A65742F37634942575A7547534433414673505949704A6F2F66726F446C6A766C58666A7155644E6D48336B616A79766F2F54755539444376703949575846535735522F3930395736614D507447765A57612F4F77593479455A62566136614C576C4B6C6D3872366D73364847693041646E4E7055454333715A4E4D41494B6C30574C73434C426956467A47673833672F4E54756A66665A75363553543939654236795A31774836726A535535484E5647703071696B305A354B3839566C6C5A70453346456E613351716A67456C75314F6A586453636B71313269304469545351356F66535664647431546375583638623737785069336D696547784B5A6479786C61535455616C575669632F4C79776F4942664E47465A5A4152622B7135414D41453542744A4F58717077793334314944322F3362436D7A4F497731576867717A2F75616D535342645A4D2B2B7447667241444C57465A64756D6346734236334F664A30427978506C6A62376F3036653972536975626B354D7847626B564B765A4D486E5438584E414F745850766C6C33624559364D4738725748614D51597931757571762F4542545165704A6F745555336D7038544A517432685A684D776B41305775586B6B35466D5A766C5A61444B595750435A31536169473954474541774643756D41546C334261424F5062345933583873516671384D4E32464D4A6A6C576A54714E636C5A62496955784C47796F74635A563471787676656B41526B6556554B4A376131756D7052706F6C525930744948694A756231664174586C52757561475256317935587264664D66644775536C786A725469744E495552615A72434764377976495945665630684B556277616F59466A6D767A4C4D724141554535647A4275526F465953554D38334F7246625748796C4C4231717A5A6B6F505058436A2F76525033327841584B386D747253367A384E4D7771666979486D5374506E70446C68594E3030394672656C57594C4762354D4C6170656E49443356544D506769724973332F6D5238335864494E426365315A5A61444A7474536C6250467173567048424645784474664A51505A61616831456C6D63624B556C5062687072495A654456436D4D795A5452616D4665596A6A513130645A6F63627461536134736D31656335447236575966712B5338345451632F593877345538574E6C6D3956336448763368362B4A306E476859626D674B6471466C4945537A69754534724A5878364D366D7168464A4751644F3947556F357531465858724E65393932355672466D4E745763554237453250724252772F37497848756F4C3679756B4D6B7843696B7172475939546E2F6B71507A664B6E55566C4879755775754A7A57597941757A685A6E3338453639626174484F6C727A6E6C7A774A765861546977653976684D44444363712F6A2B656C427333626C7971514F435474616E425159694974756337332F6D4F6862734A645875322F7A484848434E5350506262627A38376E7739577A6F6B7A6C6F48507564784D574434522F483473463156362B2F6B6578792F3952317635505746306374704946626E393974744E4A385135584A6E4F6B3537774F39477349343434777637766A49443265396B5932726F7A6638326541686269795A2F34695A2B774E6E6D644B6663466665454C583941393939786A667767756154507138594D50506C6A4848586563454A3253346B49622F587138314D76796C4B4664346675653672434D2B4E666962486536592B70784C51354F666E394E6A3067687A565A4C2B4C696F3850426F746D6235477338734D47754849466A6A767442485243613533336666666263424A372F6C6E4C53484B68486333774D50504E44754E2B654838586D756F3766587A3963386C37637A754C597379352F3730506D364A6F3230725432724D75784A57616B4F594A41755375335163764B43764B5534445453474879684D7061537669534C58587650533271686E706C6B2B574E4255753658784B4653367345324475553171616152326B756D515139626F6C4A4E50304C4F505038535731594B356A484253743971506556302F4143745857766E52544F4545614146592F4839486556413746304A387A4C6C595768684B743935326E323635395835646563576432726F566D514E56466A423157593248334D4E416E6436344251776F74304E45306635436741764141715A6968526B46434F765645454F53713673464D614B73707A6A637049392F346A574B4E565255566F585A484E6765566D2B304C68543364332F33647862645956497A4741415242682B4F55676259527A3779455574615A514143524B37422B664B587636782F2F75642F746F464365376E782B4373382B373835634145524D7662504F6563637666536C4C37575545435A63637741336A3745636E4377376F47357655327A5A4246674747736E48582F3371562F576C4C3331706156417955587877306A597663514A34386875756C55464E7538342B2B3279745737664F2B73756C4D4135655067485A6E393836774430573453684B37376539375731324869593845773267346C3441546B77652F727A696766636C625763536E6E6E6D6D615A5533327576765A594B37766D4532786E5457513451657770596A41484131755136464B624D4D763347622F7947505342634663393163533173614C4C6F6534443256776748486B3841414341415355524256482F3156363179772B34324230472F6C755567776B506F676773757350743832323233325A6A6C32497768786A4833682F5A35365234766E634F34573756716C57556A6E48373636645A7539766479514836506C376674595943316C644C474D4B774D3857514657486D72716C476C764B556F4339544A5347366D54745A416E544C546D6B476B56564662726278514470764B5235714B416957736C545859716E57727033584B3834375253536364726C6B714A2B3977556C6C626473366B486733752B37714858744B356565676454417756505649473968706C4657443549684C62463651626274697171362B2B57657576766C357A38333146456455635765576E5A617458553244506D4A4F4246715A675A757A4B4632364E554F765853396554706D53356B49684A487956675A536D41587055782B666A48503237704630774B7A394B48555A467844364438316D2F396C716D596966347741474654762F3362763230364731544D444672535577415054345A6C6B76746741655334426C64546334353376764F6465746E4C58725A55376343467662737946647850346750506E37536539775A6F2F746D662F5A6D2B2B6331763275426A676E4173642F6879626D6459584365442B384548483751326330304D584359486F487253535366704E6139356A514558767763494141702B687943532F666555595A45672F595933764D456D4F79565A6B414C51763078554A702B444D756630434465547955307357414C58392F373376392F4B745142636244747A6675397356443965674E5573366F64792F73494C4C37512B417A4334487359462B39443339432B41515734694C504752747556736A4C36685830676142397A3949655931764577466B4B6232782F6D62465643624478384148354343635147657650495A593962763738344236384E66306A576A534673377378566735557A587A4877785262744F4B696C61556861716E624630664B6F69365373754D6B304F513756476D575A614C553341504F6132616B496A48626E76586E726D2F6D743078676C4836594331556A66425956366C48464966486151614445667159485075776261556B6D643131663141766A42467163574642665847787133387A4B67736C65614246526B30333153392B774D50534E2B3639455A7457482B7A3772742F692F72395848474C4A304F68626E656939707456597243712F6E30444A4F7633466B324D4B6E6B70577131484331696573674F6F664F49546E39412F2F4D4D2F324D526777444D774D4E393436764D5A34576747435A4F486766492F2F2B662F584F71354A7376675132343870683044314B4B7964516B57396D766D6F7A4868414157594276757865576C657A36397233683447707A316F6C6C554C594C43656439353531695941434F71506963425474466F6871626F6E54434C50662B4D596D4A4D41707A4E47723162676263534D2F6256662B7A55446251592F473444426235626E2F443057686757372B7045662B52463755487A756335387A6750572B347A774F507254484A7954745A6C4C524275345244777341397657766637312B2F4D642F664B6E6B63644E66744B73682F6E67416C7076756741482F66392F37336D6431734A706737734575722F7646754B414544657A6D6B545A6E57657A48373368412F7469502F5A694E453843507A526D3233325047717A4E33447778773737324E336F65414B574F5176754C422B564D2F39564E4C4C47746E425161443957565A7676314458394A566151315955635777794B444C736B57705939357971657759594D577746413256786452777A39556152676F485138323249383145306E513531484872317572736B3437566351644C42453274656E4347724B48575461626B4A4A614B414D4D3970566750723778634836394B6F485957524979504F6C6C427A5A677749494757764169714775317874664C506A54634E644D454633394B337237784F4C667861386269794170304552666A716451364A68734B32374C7A5673686C466B4E564C686933703452584473494A4E2B714E484D416C68574251703541627978507630707A3964355436577051313842707158434F474D332F7257742B7950535578784F6E7841374F737378746B564E3974394445777342686544776748425752774D627039393974473733765575766549567231676175343832354F306D776B632F2B6C463936454D6630747131613832736F38716C5431686E612F346B397348744534724254567342435059466D4C7A676E5076762F7649762F314A37373033356E6E4862442F6254394F3352384D6343574A6A5A2B4631345748415041437661425544424C4741697A66376C50487A6E6E33464F77426B546A4E64662B715666736F6E58564A377644684165443842714870382B676130775270774A6569554957417639357A586575575965677276627645385A44397762366E6539385931764E43624A41343737344A556733425642333767707A58352B3337337648447735486D4F5042787A48594378686F734C36385250753749465A41395958645655615677797242697A79375849417131744834497175564A416F6A4F386D56523474324D524E38705953616C5A6C6977713350716844706A743634396B7631483939646B384554714F684E463756354B7332416F6F343630434A4861477A52774C356E582F767470316C5A4E642F526C6C516D2F4E45727A6755674958497450704C4E454A3453696E6D485532713946616C644F472F3336335066503566564251646458757A367664726F536B313765736657443668675A626E36475357496C514756573076474E5A4F4161746D675735436376726D756F593835666D444A6E4F54475178754B7248766E58666571562F34685638774A6F416A2B4E4244447A5736372B59662B2F4255383665626D346741486E3975476A6F7A386371616E414D6D5279453758703156504E714B6D372F356D372B70662F7A4866317971472B356C6676324A44466A534C682F592F6E5274416967413566344F5741357463345A49502F41486D4450686E476B78774A766C5942344C594D4777594B32304756386877516F6D6D55382B324A4D7A516764655A34793045544467742F51566B785441673257694A6E383032353443466D3041704F686A7277482F387A2F2F38775A59744E7653347572464E5142526D4B7A6E487649514F50726F6F782B786D56342F69354C54723333746134305275626E66764A6630503244455A39776E2B6F49486F7250794A6B4E315A7A30504E767151337A4432627272704A6A333732632F57707A3731715A326D44533044724F6B4B73504A714559593847386A714264744B715430444C4B67493653644668506C514B4D686A3963725141437439364534644E6858725A332F6B762B717349336F47566D7661556D774F704B47472F5157314A36627163736A536C7133345971596573634E32755950626457344F3172346D41797862727A4458634452517539557A73436F41717A78516C754F5572745478692F31637657366B375974537179743938394C37396665662B5A4A4761557468504B59306F2F784E5657366D416867632B68577A7172624B50485441716A344C46616556302F325050393577756A66613656674C5947573176662B33662F75335A684C3645357942317154633348676D6B3573747644496F66594542766D63796565534651634667383848446F47427975662F464B547067776E6B596A50672F4842423845595A646D59454D554E714D77782F7A6A34484D2B54447A7646716E56384E30787973546D386E4635476D616F4A376E52707359774679586D794B59494577513242763977375A386F51552B6579794135576B723941474D7849454B316B556B6B4D2B634962682F72356C693572346139714F69416B424246564E4D396B666A78397054774F49654E30302F326B694E4B30784337674833304A6B723934492F37672F74786D6436326D6D6E3758622B4F5A756C5032412B6A446E75426466477665596333692F634F2F655A386A76754C2F73365933582F70352B517A3130505270746F4B7934454E76727964332F336437384C744271414665356757457541745567746C74705454576750686B5739383152706A4F3261533475784F6B577076627168786B6462745638373078764F4F6B6C6E487A4D72334E656476465355443671317757794C31463959744279385668756E396835737977484C36497162677742574C666855556F465668762B716975674E2B744C6464322F52642B36345871656565724C6176537078357374667531312F2F396C2F555A784D71677937476D56343653755769627264792B7A5563634771626C5A64654C4367637978422B7445446C756F3654507A4F475A61626844353548476959364E78596E6C7A51652F77367A6D62637A476F36773932736241345961313864426A64426278545A4D586D364D51442F37642F2B7A51426C2B596F7879796546737A6F633170684F666977584C544A77415278657552364F6564525252316C556A61633678384D555943495155535341414A6A42744769504D797833796C4B51447A4F4263696976653933726C6D6F394E6476315741434C363641666D776E437A6979644C58686B73786D51384D39634D6B4B6276533238776A7170462F3949712F6E734B57445254783742354E3443457539357A3374303257575856574F78426A526E582F3677416968676C72435A52396F3435712F3879712B49614451504464357A7A376B66764471546338624F385A7A6C38364269633942766A6B39337A6A666447625354735933356A2B5345653933634C457234396F2F6764412B317054306A4266697157487576564A6D506C4A7344696B6E624D5961565A4379396C796B4873497043342F6D594A6F4A456B2B464171384B4270724C4E6575504C7A74514C6A7070577035533648497A797841595456556C694746745649576F50563035326D734C72456C6A78706E4C77577031334B2B79534C4F555A38702F626273313078655858364D6162316D7666765870363831746662577375676B766E2F3976742B7163766656566C504B3468676C4A57766B457755624B6F4B305541712B716C41426462554C537245733963595131592B4C737743524D5931682B2B526F6E4C476E6243734942437439582F2F4D2F2F58507A35354F66565452346D6A30736447415377475A7A786247697247486734666A45542B65365757323678534233534169593941773241594D447956485154686E5041714A6934444277474A6A365970762F414A36494467722B2B2B3933763174652F2F6E553748684F577A5576374F73756A72594168705579515A4C6A5079396B673763427359444C7778486666475250643636727A5648657A6B50622B79372F38697A4746783850707A6E57374B5172413474504245633245776239432F774F576E2F2F3835343164774D67386341414965335651726F642B356E653834732F694E3753786D654F332F4547777034446C6F4F546E6F4232775A462B4A70776B552F4A392B645363396463436F422B6233326D55524474682B5442366B4D476C664C737A396E37796E37774374356C714A525073596A2F536A42314D5948786466664C483959516253427665744E614F4C3768756B6E66517A66656953444D345858414E676666694C756A614E74415566567441313474536C6B6B457855423668646F716B4C4446464F4C4B474F45684E316F4158614162685A526C7076467A51644C436F7357795433766A79352B754D59326245716C63747A444D72594F4F315966675667465870705062496A5758596C4B6F6B4A51466F677356524C624C32587245555055577A384A2F7832594D505346646663346475764F453732766A514E6B7536506E6A646D4E3579376973305971485857447276712F666F382B642F57575530626B5541533674335836586B41465A524356686C566E6E42514B7A6F576A33526170334675687A794D7342436878576A77316F4757415A346A7742597A707A6375656C2B4B43594B4577724E456975674545316A5932447746504D53757A78704364567A34352F786A47665941474B414D5268684D307767426873546B594649744A425166354F352B424F757957427576766C6D4179464130482F4C635441465849524A4F7A67486A6D306D6871396F303479652B51536D33642F34786A66302B372F2F2B775A61766859663757567775364F59567749457233373171372B7276766C6A595667414C4D454C5742622B51657044305259416E733042466844433945577951642F51526961326138753837336C5938423348785A6546796455556B5462426939383847514372795177644D47677A393439726F56396F4A39666B446E4D504B6A694C392F454934305A443536616458792B7343574269724F434C704339357A2F4761515A6D6D326330345165506D74666D7454643875792F4A64482F71434E75534A746E566D6C61747242475743795A634E6C6365464F614F444E464643325A6D6370626479526532524A516C506C395071465A682B432B6F4638786F6262645962587645436E586E636A4F49635337414772456F5059417A4C4151754F5567634F48346D5637754A37614246724153364A473677434B6F55466A624C5831527532624A4E757558577A316D2B3458626664636F2B3262563155474C545661356336374D434F336E4C7532515A5965514A673361392F50502F4C796849414B31515A56546D547A71376963715349416E3569645344536B7A435636794A2F4E5743527574526B5748734B5745786566414541415943414D356F4267454B6242516432746B4A7773384E67434A68535448352B7A3433336C59336445657354454F305469784D735A793863727A6E78324F642F2F2B2F2F7661536135696B49714F4B6B426C526F49344F594159667667383264742B375063744F5733774C454141576D4643424C2B786A49744D764C484C747A4763594743443865546E643353684F6D5238546F596C786E5431794C5A786E6770304E51796D5272316C326E58657A6E514F314355364B756944694E375464576B5734437846565858625648465566336C4748427A70664C4C376A507A75362F3972577632514F43392F6850656467354F2F65676B4C396E4C434A49526C766E5945392F4C6D655A743935367134455766516E416D37367872717A716669372F6A474D525A484B2F716748577A332F34693171667864704F616B375A4D5466514A437869744B677368453145536F7157756B6F3058555A695965696751386E68514E33686D4470466F435362553775635679766470422F373452667139424E6D31554A5A62755A5A62524B6134724971432F4F344D4378504A6A5A6F71737A4D706C734C454C722B686E6E6463737564757536364F2F545167397355426C31314F35525A5268693254596575612B6E6363313973674A554257503932767A35332F6C6472774B6F594671616C35546957575630547A4372495730356C6B4C4F634F4F576953595A752B4C43796E6C70425A524961594C4538617A4F6157595070497A45736E776A634D41387438786E6D483550686D633938706B30476E6D512B794E787677595232426F414D346C2F2F39562F4E7249464E4F4869784C2F7341466B78534268414F5978396B4C6768647A684941496949362F42617741587A63722B55446C7665596A42344E584F375038596E724A676E764D574F5A49507766384F4E4A3755757775346B49384746612B495270617441386B50426F537954446E47436F6D4B50655467437161624C43436A7A6943686A42516A484876643038424479513445415063384130416C673951756F7338636B455744447A35526B524C6F66686D6D4852714E6A646A634134635355373434767270522F77543249322B6F625A68775867675163586A7A496D4F425A52627652762F726E66517A64684865515A6430686D63436559763562794D752F3879426531495932317254576A764767725441744E7337376769494A554A43354836716D723861426441525A4B393767717978714E4F6B714B5147452B70303635714354667168393735566B363766685A59557856686C3956773671694B6C556776314A363155752B50305A2B5666327373425638554C46334F6F6B4A475961732F4850626F72357A352F33362B6A657531436A4663675255574A6D616851706935566D704D4E75696F773443734636714959434653586A422F66724D2B5263595950587A71475A592B4B387743584F31574D43695A6C695270526857444D7A717674632B4C476459466958383247765532675041616A49644267754141727543745643546533656D6D3363724E2F7238383838336F61414446417A423955384F69703550534B534C7A55307866745030633543434162747A5A37347A504E726C536E752B6539377A6E6965715877494B2B4376596D726D516267373671347462582F43434639684164733156552B3944577745494E47763453666255365136593049396F69357270494473544C58702F77677877574E4E4739776D356673745A482B336933684856524A6647767536636476446E6C55556A3971536D2B3534794C5072515454503358586E37754A595876656846533250422F5A4C4E423453585A555A2F68674235562B6C49446C7A4E42782F5A4166676A2F586A4F7168797336455061784867676F38506B474665585A666D4F6A35796E613065527472556D5642513952576D6856636F5549776E6F68456F4559505530715667544345434C6751724E4B6265387371346955692B797674704258306D2B5857393435566B36745146595652326F326D777A6F5A4A31383037546E762B6A324A5778674556556D582B41315830505364647575455072723774566439323753594D522B583864525A527870765A3877496F6F31634B536962627079414E69766533636C31574146556C667650412B6666623866394D6F6D56512F543152472B4A35697137534B6F78313150384146633078594B42617A3042614533514659364C42614C6D76594757415A634F39776165334F366336752F68526A30414E594D412B655A6F545032567A2F776D52756171666366774134516558782B37675431504F38334964414732415744446763746B37706E52563547356E496D4553416E7739577A7574524B454347633845496956615253755344314A64537034334C6E63394E3377344D68724138544A447A756A544432307162504B566D5477474C766F554677516138443768475A356A3067312B6E52775A705038754475624F654E726A5131644F48764438515A324A6D75302B49592F6931636A374D395363537348786477695A4165353969757233796C613830647754336748373378537863344F7675425667352F65485A416537505A442F5866744648764F63336A444F752F52642F3852652F4B344C6F466F4B33672B4E69486469306757473934772F4F30345A6870446B447244473163326B4E437A566B434E49694B786E544C646F6153794F4E6A796A69423242745678615547675A56456D35594474514A714E3635586138393534643036724E6E7A44384679384B7862714456564B58624971593163443147625950353348466868644C636F6E54623752743131625733364961623774616D37514E62505766767451646F63544253663748534A3056784A61516A73702B55322F544D2F51713937533276457348584C4A432B394C5637394A6E7A4C31536154476F7862306C687A785A6C685456566746556F686D4856344D582F41613948445667315744316177484A3234774939726748512B71642F2B71636C647445307456775373547A5377326D4A67486B316869595662346272415156503637436D31696B34376E7A6D65307852544432585648424D7A41532B5931443634502F706E2F357059793573374D7341394A7733722F444139666731636C38415638777A387672345079596878345839385A376A73782F2B49614B55657770597441307A74506E6B33786C723965696C6677663434395079694A73485239784D6F70324131792F2F38692F6267384A394E467972392B5754456243612F5141724A332F565851764F664478697A54336E7751644C7779666C57374E3652314F4C426B6835644A6439755A38766676474C717A5565664958344D467761632B354C6F38384152434B777751594169317A4351616D46316F79536F71507849744C65736171464A784B576D772F55546C74714662456C4F636342437A7630725535557462704F724368503161453256625A4E722F2F6873335479635A4D47564967434C424C59424B74474C6C3656386C4B426C367355647241736F4B4A5A3136447955526B34654F4A4E4B643136363143585858366C727276704E6D335A506C41516A366E646D564151553239393065712B73776746354B3453566C614C62626244655231356750545763382F5273425A446650486637394C6E7A7674337066474D4666746A56577861595576614637424C64465A38517551506C6C573142433057433846796F51453177644B756B6D437A50766E52483246646F423152516D6458645730744B6B7A736A6D467867376D7874426632676C3649794250527171624A746A4E6D366F50462F54485538585A6E4D59446C45556333785A7A79342F52757968703851446B49416B5330677A2B633630786D5142527A6A304847514F597A5176756F38346D34595336365974776A6B78354E34366E4D74546E72347A3067374E55715842674C7333526C4F594346663256504151756D524144426E634E656163456E58544D4E794D45576F414A514D557664784B617666654D36365375416D3977346E506C38316A5331584744355A4746597A6E6962545064502F2F52507A61533936363637644E424242396E3938645634584D62436452477734492F373376545075636E73766B6A3670386E6B36467569334F7A484748515736677A4C2B7776775230514B557731756F377A4D427A366A39586D735947777672536F6E4E5A6D576D696A36306D6852515A743466365134493377666178674853714E555A6469333048365378757155695A6D5233544A584F39757531372F79423358714354306C4F4E325A356669763041785568517A4D644B4D734447415534775069773742694F42695074574B72716F47654C61676477394D41747261566873464B59336A6366372F303961396570776675333651484E6A355572626263377468366965514F6A6C446C523748566E5766526A4D726876794D5A4A7461386A6C67583657317665596B784C4D373768612F6471632B6664346D7965456144496C59526B7839493367314C6D53574B437061785A396D754253724B4B796E624E726D48734B7967554267486167574A4F6C6C48585A7A757633654F75673559376E536E494742745270704269626732696B794474567948355935676479627A487638524B53584E702B456A6D64494D4A465945646C384B2B2F74547A614E45446D44494335785A4C52396B4447784D74687475754D4563375177304E7663744D5768356B674A41674A517233682B70666276366E6F6E50674F653437677A6D58447A56636361366873644E342F2B6F3078335743574135412F4C6F71562F2F63754432382F32762F2F572F5247724C38676A623875733438635154546172524E4E5766544535336A78497544367251317952524D785A327439452F504D426343734E786D7550706B666F48633567487047734D2F61484A7177646241456E75455937333445345931752F396F7A59556B594C754B75303147745045714E43346867725342655678586438703779674E576C706F685272476D5145575A6C45726A64517545735670714A3442316A6139345A7758364E546E64417977574C32353068636B78714A4959616E536B6C6B797246414C46674E6773655A674456676D6E7A4B4866577231744559342F38764945704942716E7533534274753361374C4C37746532783961554A477832435252736B796A6A4D6F415659355A75396574567579784B46344E576955414270304C4651634156714A7A33334B574852657750503943414F756279754A5636706542696969544C5546594A68566735645476776F7A5A576B5641523746437041394A6F43776B6F5471314B4773376261756E5466714C6A37786148513356516F6531424668564A644D4B6D4A396167415754674E3341726E43772B34546D2F7A79426D6441385254486C414463334E2F6345734479433662346C77415367516669347077794C343243434E6A63335535762B4A6764346E34417758463878656E6658426D43685132744F33436354594A462B78485532675A6E72345548303376652B31364B78753974637577654C584E3548797A566E4F7A734F5567683870753448644E65422B38626364507A31582F3931593250424C57565A2F7449666E716672677262795A45617A69346B6D42726D6D777047436246466C5543717354527759566A384F6C63615A6771444B4A53784B6C6F46764B523446426C6974624A742B464D4343595A6E4F716E6F437932764157386E6848517772417243417035307772426A487631494472465A72544B4F697259304C3071632B2F3158647332576F652B3662302B714A765A583155785570555A697164417A74516B7A615A416D77704970644156785644617459697A7342724C76312B664D7572674372694654456F366F65466F426274433071324153736368685A36656167785270417555627077414372562F51306C577A584A7A2F346971633859445839454237397336424658576D547765554F5677394C2B334A547A5876775745444C665730416F76754C594841346932476A6577705948416532744279775049576B4752313132516A37596934522B4B423975397561674F68523157613038496D4F4572725433612F44705264634B2F4953542F485A3154577950347A665635427553694B57672B444F6A6F476C67466E73455548504C2B58384C736B42784E69506147357758566D57372F336B56335639334E556F484E5045664B534A6671595A616C745272534849464F6568756D6C62516448534B434946425A4F6F62366B6F5135786B2B4C424767627171544D49336E504E386E584C63754641774A5270563638735579355465516155574E37566D56572F5954454B76555156474A49677A6C61716B5648486331587752362F6F37742B6D586675503346597A766F37484A766254507A4146314866575270543153444139706170344F6C51395474577942697472765A5756797171584A59446578466E5434675732393753316E5655353359316741316A655652617473536243734156696B345953774C47725052317572464A323862554359425A69464936745A33346D366D6D334E6172617A6F4E2F396C544E33416C68504C5A4E7775524F61584544585773476F504E6E5A525A69384D76426336506C59674D702F4130693561702F2F7533344D795152417336654142634F417154576C4730304778502F394F7A6433654D397671436A41393776626D7364334A374B4441697947636931506869696857534C315138695A457530435548653363612B704163612B584A2B7A30366250626E652F423468513062734A794433324236476E70584663616F30683562456F34612F387864643051394C56596A4375736531536A7755564549796D4334724451753073314E6977725468506249302B572F6968427177356331516C43744E513753446241566A4854716F4667476C556162464B79745055546563593543686947506D69455443763276484F586C584B447236765649504642625848706A5776555066307064652F396463304634784C385A52576A633971646D4A47552B4E6A616C4848714439556D62497752714275484B6D7331314C3054724D55477469574D61774650584E645632383974776C593931594D43384171496D584A3046686D5A5249324143766372676941796C6966735641656C437062704B496B6D75694D617A71654E6F6231612B3938336C4D65734A59504F5077654F4E735A5A44774650636D5A2F547A306A304D64526271487552387261444877505A48616E66564D4C41495061484F61715447504A54576E795943575631647766776F4135557A5054547341437A32572B774633645830414669616E54304C32343368736E472F44686731504B47413154554A6E6C62514E4D4B5871413072383357333042794A69414D75426A76766A766B532F316C30647779744C754C6B504F5046516F6C2B6472584D4D7A73472B77575577724C2B365344636B506330485866586D4934324E436A4D4A793846327132375154514E4E446A71576D6D4D64487152714677764B7731514C56442B4949774F73446B373448422F573833584B73644E6D44754B44496F556E634D447942784B7153317552315A65697141444C6A6F2F767930414F774D70565A434F6C6356654C55616748532B6D634E2F3232486B7A625373754F346A4C57716F6B70725A6D5A3058536E713745775553636F465A504E5045704E6A592B477974477979766D723347714162684F77774E4D76585843664F64337A614A55472B4C44696F53337A70524B4769512B4C7136476D657756592B5969314543504633566974385935367659363663633938574A33694962332F5853632B3551484C7162307A4431594D5A674B374763476764625730447A516D4B4B6243343746784C4D434B6A665041336F68616B62506D356858665052624167716B684176584A317651314F5567315A52642B505A2F38354363744E616B5A48647A5A745A49415449544C4A323754524834794D4377586A69365864664165707A756C6C6E6533386341676639447234767439634962315345373374372F393763626958474E486E33684A4975392F376A2F7369736F4E7754664C73767A6C76376C45363174647A51553964525A6A545A54534F4D37756853317174557031303142542F6261366157566578537A7456537959513332456A79754D6A44435A435A68763065746539514B646375794D59674D722F6B67656B345746745141414941424A524546554874764273417956476F41565650346C6330494456673571706F3750726272444B4169314C5A42756E706465392F626631705A67516D70506D662B4B645153375161695A626C66377A367A52586C52567A45706C724F4353594D4A5A656E4C64373957535856626749566A514551654D4C544773585146575951774C6B37594772434374414B764D31496F706B394E56613679745A4979797651426B71475359714A302F7046392F31386C5065634271566C696745366D625257714B4331613936716E376550696343434C4D67745652396D54626D53624B632F6341727A303143616E442F6A642F387A644C674E4A73612F4D4A767A7861434D67425749383049524665497142742B6E6161625836696B352B6459545542792B2F33787A37324D663339332F2F39626D38662F514A6741536A4C6F344F504A6F714E7159644131584E482F6434324E5668385279493534423963416D4239366C4A643365706F653968545A394453684444766875725062784C724933537A55464F4C4142624C614A5569416268624C436F755267714C30746278697A414A7952417374756931723379425469483557534E6A5750784B54634479367142574764547377396F68586F50566B73694B74625A476F68454C5A61682B4C4E3265537A2F3643352F516E597542687562496A39524361592F6966546A53644A526F332B6B5A37544D3171386C57537A4570455756564864534C3769452F4D4F425642566A34734961312F38775A6C767577386E696F43724153383138465A5574524F544C41676D6D746E74334C414376754A6C5639777A79315443526B44655068567633713233646C456C7249776C62354B6571615745395757554D7A32734E6B672F36547138666E444B7A6C3557557745646B50702F536A7157693575786E684553782F3872704173796E33324A4E63516E78786E2F6E4D5A78363241764C4F4A6C71545A654C304A38794F574E4A4C6E2B7A71476E4155382B6543307161766A4E3838305943463037335A702F7A6642634359764D736A714D7576452B6B4B476977714F766A79626F2F47326537486F535179655966306F35762B446E7938756B2B4C61726A6B5056594D36394E5836496F67306C7730726E59357270436B57647A51495A4D567631536F795546694441756D457064446459734664664A55592F314350556F6E4D306D4A36685662396670586E716D54547067786B366C74376D79633362314B766C44587271725738504F5548547471705A44794567756D4471314D516B724739494E5138364730595646363433732F6F6276376B5971494B71684541794D6C524374486D534B65376B476F326661595A6A747448625232483176556C636F546C4A6C4A6F744455376B593352317431374D4854657575625832674F6634794F7231793857662F7754786671775732427076646171797761616C534D6C504A6C4869734A7578727252427166794E52746832717878466E41556D69464D724D394337475344695A687439796B39372F7A464858555638744E59734E6E6E4F3650487241387575546C594368733971593376656B2F52467A325249666C674F584D6750784157496B7A4B712B74376E34614149753047744A796944513136384D332F55524E4536365A64754E2B734B6151304477454A517657567557413266793865774A597442576C7535644F776354685043366D39537943355A465330714B386E6850746365476A337950324277775274314B306B4D39336475315042734479766E556448752F70463441453378483369577446442B57704E723579453333502F665630727557443069743038486B7A7035546A55343461647559534745783979356F4A7736584B70587A4775616B6177525A6369672F725531666F386A4452584E785470416B464B54716A6752514D6C5557354C6141366A6F6D5473694146444B73437250465271706D4651684D5A5069794B39615671357744574754726C68476C6A574C454456744662796832734B68754158565139714D724F414668734E7565584742627050456A4C34346344316E762B5748634F49776E41516C4E564C79315075364E526275727A385344535742535A5362686D656C4A377365416C44496846504C50554F6D53796C656D773161486539755958617343697134483037786476306A2B6566346B656D704E616B394E61534C655A356A554B4F327048592B7247592B7130513358624179566B4152517435656859776C4B5A6D626D466F6A78574F2B33734772444D6A31626C48315936724879337774456E4772436170684833694C77757A4279767563346B787A776A57756A43536E354452516C385056342B78702F6376746A7149356C544470432B724A515869634F66356337325054554A41536F5949316B4166767A6D7047756D6D6268696D364B494C5054676558484F416D6B4C2F68636D734B657445456B4533467966356D7035422B736E47724361355757572B374734446C384344695A4665526C65755634486151394D594231774C49385963322B6279344D3177636F547044487A57417641303555384A3957417156364F6A76374358776E5434313556547664505861484C414B796B70304154556B7043385541464B42526C36426A554A55706F436B7055544A555061334B55617456636F616B73566A4971624E6E3654725A465033624F36547231654B4B454463444B415A63714F754C695552685756587A596C65683134564144724E702F5A51777256722B4D6C786A575437336E6A335658503149654F32425654696E38587848724547615A4F64306A467378495530333332747072656B7172706959313369615275565352565A717845772B643156742F3667644E7444716653786463644B2F4F2B386F56326A6758716D69336C61717670423362636C2B393770523638595269366F45463279324347566A6B6C4870592F7A6B4279774768615262793544554861424159792F486F6B75654B775361384F69552B454E3554736143356559452B6C776F306C6555754E76564232325255626F496150323955515044332F31476C4F79424B4E594150662F6A44316A7A53697742696A734F4535656E4F78504D3145346C367373674446537634486E50593252572F3455484935795254413342662B637058444C786F4E396673312F4A6B4153784D646C66684C33387730522F347074426975526A5936384537342B49337047576851696476307576493831745043476366722B5057544D33427630636665656F5A66656439436543357A41496C50583554577A533341717A4C6173436954745355796F776F3245676C59455556766A4A5557414D576B6278494137584B5259326E71615957536B326C7356716A51704E46716C36365557393878656B36343968785931795542363551716D5A5944625537444B7461717234434C432F4961624849456E6246755147735250307930554967585438762F6552375071473742346C474D437A5477645265656E787045596E4B4D6945703155693759615343416D746C70746E784D6132646E746230654E64576E4A3473466E5873326B512F393559586D556D49386671466637315635332F31536D3066745A564869635A576452516C675472744362586A4D544D4267344A72596D57626F614B695A79746A6B31655A6357497A43574F3152313131793830504E776C6477763855596C674F574D736A685A5154596356665A7849654B585354696F484E78436654483559426533475467696371373563446A7075417A556A616375325367393779396A7857774849676F6171437239486E6A4E5A42692B74776741476F75485A38654E51305A374A355A4E516E4B4F3968426F43426931493968636C4E544864735039454D432F626E625849646C65756636464D416C2B766C50734B534848433970446258544B376845556363596173756B542F71755943415036786F4F55687A58432F5277336A7858464C3644624233344B64646E4A4E71756452393232455366767062756A786F61793578774B496B537731594E676C4442554D3053474756706B4A56686E4A4237534A586579694E355A453677304C543255685477343336365A65667268383873714E787131394B57673032494A55354B3056376B32465631615232414A615A6857596B316B74316B635674674E5657503542756D4A4E2B2B6A3066313133393241437243456E4C796173494A4D7667784B31717057635957705A71724E31534F527970485059565A794D724B6A6A543657722F74587672476175364F715339714865632B7A4C4C542B534D6E2F742F4E2B722F58584331386D52575161656E38565874796B34746B444E556A76645171594A676D7A477357474E576A50412F4B32417439306B3467474557386B5431776F4C4E565A4C646365736C52686A4D35503168556A544C7976696B39584D307A5476756E792B62786666344D44416671466C504C694D546F5A6C4338316742437A43696D427972744A41507877543278555A7054394E735A62474D332F6D643337454A3669566E6D72586C3353796D4C356945704A4E516762505A4E6E7357317755586D5A42504E4741744E776C744E74594C5639432F5841634D68795232422B316D6E696A336B4F756C4D43524F6352675A624B753573512F48415A77414C797039495058416838555963582B6670334A35485451655844425667694A4C7368447A59583336456C3057646A5166547967717031526B41465A6D65585332526C63524B7A436C4F3443466E34616B33775654656A504A4F305773735547683258536F326635476E667579553358576F57314E4B7465454270556A6E6371634E57425A416E54746450664673357868475972575A716335356130454D6F7170446B66535464756C6E2F7076483963394E574346725552706D56757973775563343652616F51666D35657772793078793061617977754B4379734651593347736654754666767A357A39496258334F5765754F56302F3238433237545637362B51664834506772354D426B714A62475A63736E343671684F67666F2F6E6C6445583252744B386C634F6432624447744D33584B6A33762F4F3033593433522F47734E7A702F75543359546D6261547266595576554D6D4C434D5145786D5878704A316758763245412B735247524972664236466D637956686A774974542B48685359753567485341664459474E3155663050763838412F2F384A4B35734B632B4C4A67675A557438777145784939544F4E6269766A6163384A58664948325278447A63374157425952444E68476838504945352F73442B4D5932656D4B39634C474437526749577377553342355435465A37662F392F2F2B58774E717A486F71565869574139666C5A624739705053366465764D585142623558357862452B4170322B6F2F6B426145352F6A62506378772B393551506B697573686D654841775A76436A2B5A69706F6F522F64346B75447743736355586C7445703857414357565262467969454B53423564704251414D34613171437A4B564D4A71776B6A525971375636564372467A66715A313536716C3538594B495A6C5A725359755649643843714B5A53743432632B724E717631566A70723872325336747144665958613168324E4167693362686465744F375036623746684D4E384748465A4279576C7278635661717046714B6F4672306F4A444D4E576134365543654B3161564B5A46466F5657396342302F462B766C586E4B6F7A6E3765502B745670644F476C442B694369362B544F6E73706A63686B6E4765465270557371594F30496150574F4B5668357854613854762F3651484C6763704C7254525A4672346667415667776A3842414F4854594C447A6E71637134494E4A346576556B5478392B4F47483230505953354941674441586E755177486B7776586E6E434169723478356A6B714A3135346E4D6550764E464F5065455964464F7A73566B59584B357A383144375A3436776A6B39685953324147524D4B6D636C66455966385874432F546A7A58535876365469756A486477654B494243316D442B777833706B726E6D726C2F31423444524C686D4E766F64414F4965414478654277303278523841354B736B4D5837344C58336A6977547A4778622F6F4939396E41424B3341504F36625779634D7837354E567136793842566867625941586C6A494A524A514A6C3067396A684A5A686E62774D4F4658704D6B6B355542726C564879705679544E4E44564B74575A2B7133376D706166704A51644973777A49756962576B6F4C42713775457165554E6B6D336F39613071646C55562B3650656C496C47385745466966727161714449474E61622F747648644F39696F6D4530706745734B677056686F483956666E4E766759697070795643725645374C412F702F62696767376264792B643836495836755576324D2F614F4E6D75484F367346337678686E6C3937654C31476D70633879783931514B385379556C4F597234787743756B636F43703375754942677A774D724D6A31564650794661614E624D682F574F4D395178785839554A557257476A54505A37517778704D3853756941315A516E2B47656F6F574641586B335566527565764D726E50476B424E51637339754550367338784D517463633850766E4C45776B426E382F74546C39785145624B37717336634D697A46485777425A583067563848525478646D6A4C325846424B55394C67466763726C637758302F6645636C422F65374C42646C6371304F446B38477748497A6C64656D594E4D643377417842665259494B515A684B4250414361756854354479754B42434F3858727A627176324E2F486C49416D442F454F433939796F4F4A652B396A356F4D662F4F4444316B3230652F327473697A6638376666304A5764534E755A6A4750374B45527A74533354574E4C57664A527030636F7532496F5372444E76456277576464535A6D533138564D7A45524C4D6A6162383031596C3737364F5850477476486239574769395A676166364F5953456D67614B4D435348477561425268453872504A62516562344D37417168336A4F6D633153306C4E665063736C7647454268765678335475494E634C6E316837586150743259324B74586C647857476D734D42464C797048574B76636B6E646542303232392F4C546A39506F664F6C6D4872617263586A417A57734F79734276756B5336352B6B6264637465444B6F4B4F7869596D4E56726F6D38617255794B4D4461794159564141574833577654596F796E47416854437453426E31674A527272457A56433762716654397A42757351715756313754327A6E3155387172555377533876476B64394A5A79307276707456756C304534744A6A736C4359546976463754637A39523837784F61515942496A366555562B3573506C6B645148686C4D64586C437A7A7336687959434177735176304D63462B55676B464D57786D45466769706F7A3630707A6B786A4844585336723764323465306A34586A48724A595264693870326E42766B356E6258774F546C7769426E64495534662B2B6F3362717136694A4E2B74444754566E495872335876326A41504276436453786A384D2F5A6C736A496876547779697975675032744B496E62566637515454523139355646576A3642366C4A523777534950354338367750704B516E3763706D38515A6E66646464665A7848667735397163425148476A4148574738516B334E336D4F6972366772474A50386B584133485736386E7058442F3979486B3838746773436552673646466C3730764F37384347695133515536376D56613936315863317A614B45372F37726933566C4A394432646B64717A5169456D7468474866655746714A4D4336314D4A57743577616A4D6D5632716E6549384C3552314B33486E574E6A5354463571636D476B2F634A597A356963304B7134314B762B79373557636E6B386C71616A6970434A46585A732F5871575A37436C56757446486B6A37795255687033442F6C55554A6535716A654A2B6B4778616C6E333733482B7142667168424D714669627169784177395550686871384D4139707374717464756D62752B314967586D61422F7070474D4F31527465396B4939373742593055447142514D72397264463069336270537475324B6972623735566432376561737437785A3178745A4B4F7074766A53724A537256476D4A4538563534686A7156594275794C586B4955765773714374686D794F6157554E5653376E464F33324B7233762B4E464E5744424741457464474D744D792B58797476587434554B6C67784B6A376778794A6A456E6F4C6977415A5965546D50335936325A56382B357A6E505756714A32665641766773447938504B2B47762B4978756D484558714C723330556A4F526D4479303155485141617171396C715652475A41637A346D67674E563037527951474A665A79354D427649544563367938626D7A6D2B5871644B36422F66693847615879362F624B442B516A3473786E665556577561484E54426F6D4E57594C6A4B454A737137755A3149434A4C414D6D41572F34543041774D54653157494D792F755650446F50496A68726451476C353039794C6E4C2B38496E5A394B6E6C484D3048546C50307957546E754D3366657A2F344F514173574F436A57666E5A675A652B51472B4656495532306A386378783949334376504965523741424D5752647638336A4E6E58472F462F7069496A414D76304D6931496A6A6D6F55792F4C742B7357734D762F75556C757278566147373147696C4E70483669736357574B6477784366744A70714B44487967546978534765574754474D7A706474734B386B4954376262476B7059436F6E487051426F75614C447451613375786A72376A4250312F47654F61515A7452696D74446952454467472B7055724455497446437A50727169647361595832716949304A4E4749654B4E756E5A664F66666448395742664769526A4373625871482F5076564A6E544F335A56526F744C6967706870714B63343032336174546A7A6C4572336E4A6D666F767A3976587A756C4C582F43637633395275764C326557323461364F7576665532336264746D345A4A52334633516E6D514B422F6C326E74366A566F35675956636E62714F4F306173722F376349766B37783464476D526E4D52517A486B5672466E4672355A72332F58532B7A4D744847734F427A4F4156685632566F356D4E476A58794B4A4961684F534D52576E4C5447667A4F71717759595630726E64357973366A35564E305677414245446841556B327336694A762B46476469444378577A5746434D3869584139764F7A734E2B4D43335356566746426262423851414B6749427A4F68763030446E486363657A7379422F7A33643835706F72426A587477642B424F59682F7950647856755841355250792B7575764E2B626941456C2F2B6F4B765075465A53703656726C4875777844353376666875706D6F726F443377494F667A2F764C77597A3767316B4A41324779386E76584565304F2F4A4648414D4965796E6657776647593846347248346246324E6A645066667643457A41734A7A397554624B575337336D44346764636F583448323044796A3642456B434A614A6473385A354F5A342F58507A653870373734766531795944356E4E3841614C535459415950435667783935643964375A7955624365416E352F66716E2B5052786F7447352F3551756C4E4552484E4B483271464452436A514B553432696D6945675A53684B7459504931695063757A306C317467794D36614E717A78544875596170505061764F562B68586C6655582B626A7435764C373336394E4E30787436682B6258477346734C4742556D4A63644775593653766C70616C63566263316133436173316477417264464B337A556E6E2F74496661424D566E4F4F65466F4B576F7336346D57364B416B3250645A5676323653445633583071762F79504A313936704536634B59435348733631636535396A747A757679364F33544E625139716578484C4C70746C785A4F4F526B476B49536D42616135756D56695A6D736B6F3055515371347479417341715530586C514F31386149436457535854524845513238725972527A67334B4C3376654D5678697062646D5A38636C786A584E5839777372325259516B65344C7942484F5470566E6E326A50596D5151774C47682F553879357577486E7067354F554837544E477563316668675A754C676B316F754F646A56385A745063665A6863517A594668754473696D73354C7A47536C6D70753135596C4F7469503539457A68706F4277505A6C304C6E63364A5550486D4A4572713676716B7964374F527955367143424F582F58414F2B31703648416457514E497A544168575256744939435864434A436C5461374D6476552B782F483852535953782B4539766A6B76742F4F6844333349496F35737A6C6766536330504534497441334C4D495164594C344449704B65506B563167776A556A724D7676695838485548503939494D2F64506A4F322B784F635236516A345A684F625033362B4B3469456C35514E31787878314C6155786573634D6A763978372B7348486D476347654476635834585A7964715153434B516C54547A4C722B4C596245497861392F366C7164742F4351526F63637248775257362B6A4B4A30774D57693177454B716C4A4C4A536D304A2B30346357614738636358614E7839544D4379557859454759616E7451615A52703952384D4E4C47755965736841773173614A74577A5354705872424D342F55713038395845654F435532395A6F70637257444F4A72456C515A7564524C6F30616462563471684E774C706C6D2F54576433394D472F756C6972696E316E68504737647356536642725633597563342B383254392B4D742B514165766B6D62786E39572B49767856743230743966577262394A567439366E68785A797057465865647A574B49774D744F594C57576E6B4945775552596E79425659444374514C593433486F627078714134723730536C32695342702F4E6D4B755A45556C6D36486C4F466179726D3163726E394B732F663434425672554B497A42464D6849475A6256566D72504B38637479553453516D537A2B684746774E45474769634D54794D3269522F4E6B6444583653313779456D4D4E626D4C355A484B4777336B41434667536B2F6A52734B766D2B5A747244714B37516C6A716B53534F7A6647636562694A514876346A504E36795756666E5A703277744359564C5364525168674773334E7A59336C626155574F597648416D6959625A69716E4E4D6E466366452F4B5A76504E4A46315142792F366858442F443441687130782F315A4470524D4E6F3531774145486D4D2B466373494F6E70366539476A757A55555858615150664F41443567666A654C53487675652B6538534E343147506E7A35313173452B545447715A78335144796A7875583450594E4257786866372B495050387879704B3761377A632F482F6650465274696663774E6B7945344158617147756D374F7836347A7A535A7A396B677962514B552B55505068397946396E7036314B354D3675436D7643772F667635392B7652644E3272724157734A67456E686844526F715A50484B744B2B6865386A57454E597142644636725A6A786532577870526F6647756D684A72714B46616A516C76525A765669413636483568365557704530574C436F492B4452336A7176366254516D63636570334E4F6D644552725970746566415169464978556876714151584252525A3274566A4B684B4D336235582B663374583169785864563758336D66733659365345424A4949416B77416A4D4A43646B59436D4B6256414A4F6E4C6853396B4E53646D567770664B515047523479624E66556E6C493868745371664A44666B436D63757A59424D655742775153736B4243346D704172547666376A377A547131766E3331317542475769416452346A545658456E64392F51352B35797A2B687657743959662F3858663457726977775142566C65476D4A2F704974544177776675775A642B383964772B474248774A424177626C6E706C77724A66444E373533424B36664F59356870624B434C746254436F442B4E63566C6949793878346E4174497A717934315541725A52456B6C36577934685055425949745A486A6A79495050622F4349422B423968794D6E43694E7A412F30697852784E554A486A664858662F72626D335A6E74693748534D77324C79586979797445314D6C50557A6E7854424663614F397157493749357949556671507A3572335A715868587A4F55334E4C6670697371755538554C786457446543487847356F583176566D36375A653343374B61313567484E31685A354437793649795654575A5A6A4C734A344335394D323534546A61417665444E797235545979417943526E4E4D5655793945482B486E386656666E633146506B36334E342B492B304B624B67544666643777714169505453344B67653767556C443935447669376A464B347A3379764B31517A6F6D4C6B774969484E634758586E704A6A7255354A4F304B386C734C3439634442764C4C79435A33633562386650666B2B6A6C7061504B62754C397576563161793232362B7056376A563834424675655A344B474938433657684F764C3737476C4A6752356F30657A51466D56326833334372754E38387031346E6E6D4E4535675A2F373773787A756537634431356A7248755230734C79424E4E523069716161613659706462416572306F5837315447505031372B663468782B2F676F767A303751484263495A594E3067516752645A6F67553050454E656A364C315272614D38675A5A5A51613459675379676F71594C644D495355767178746A746372777A744956464F6B494748515265687256654977344B7A4472682B687244344E3044562F357A4248634D7750736E51484961474871526870417079547670715265432B44484B4B735171522F6A6A5558676A2F3779623345316936414348797A48373938396739393634546C38396C50335938623657556A55736C467A7137377A7868722B343967624F4C73305152354E49343936534373746E6F5A656D534772536B7A4935574A4578593652447041584A5570474847454D7A5831674C6C37516372365336436F49745167466B68784C4549393043493846355378465649347855436B47666F6F2F2F2B714C41707732796850306C6576445358344A66376268792B692B795231763536656C5A6A634C574F3643334D6F6B6231366F4472796137376E5268657865357758725A4661614B557554634F72714F515243317273596A626C7666643549764C6835347A50536B6957702F524362674D4A744F4C72453966624E646151636544532F345631553446357A76372F315A6E476454676345334159355965514D636438595456327647487A3237466B5A306E5652316F31537765622B6278336232627176664E30567131334E72466C6B623449583338652F4E2B746E57362B68363333652B35337239377647434678387A5832526246584F34446C32774D56726D5638362F434A7974566C2B486B485466586E783738302F76392F2B714B756C4D66393643766A61643736464D3730594535497834316C674F556658377944794E5871657773447A304E6347595757516C526B32716878355757432B3030655A3241555373526776524E447459533150636537795A51517A6659775361734D62714E42323779686A544A72444E6D353759784748392B2F474D342F6667306433416A7471377461415A57777A41764978344D5669793178454D7A6731424C373656312F44496F6D73675938766665355A504866344942362B4F78625456756C43416C67766749767246663735473864775A726E435175496844616346394561354666487252535445576F4F766951596D6C63475972585153736A69585350355A56694255436F47714543676A2B31385A466778544D626F592B424836595979704945534852666C30684C354A4D5238556D41307A2F4D6E7650692F375A656B614461537145557569726171556B2B57365765356B4E58503535675868437077754D726F52735042396A474B61766E484E2B70663773774D7266715079357277656B5844725A376D62675439646C346A6263524744752F483573316B6735305873747539474D70724837786F436A7462675074656C78397A573176705A45327A6466726B62726E6B7A754E545131564B634B342F376B6E4164782B5A6E75632F6E6136364C353949726E687348744D31493832593668553341644F65422B387A50634D4B49447344643858456648453242727A6B6152444D5362314A456E42636C31367835336D2B6D6165504173336E756D756C33457778646574357373446A69724475504246547557784E774853485A4859754C6E712B33666D6F704E6562454776413333336B4E2F375A77487447654178696C47766E5643653761765263654F56664B6F457443483273414647315446664C4967776B384647556D75756D4D4D4E6A324B6B674243474A4D536F504C693474496653315256303479702B4E7A79746D6E76583246476337747243316A4E67434F334C634C4C7A79784534646D4154593070314167426B64704A6C4452414641646E4C713067532F2B775A2F6863312F38517A7A313943647836414372586261613371554D44494233567771382F4B4E54654F585542567A4F59367A354D316A33707A44785344337772582B676A46766E43476E4C70517753466D4F4C41716B7971414A7250536266356B5A5A343152356B6C337156464370616355454E6F4A4A444B49797839363561647752414F6E7748647A5631336A2B38494E34397045354153795247747855556D3041317A57627842766854767436757749662B5256515357484D3041502B2F70574C2B5071785979686E376B51386651646F583958743970485378554B7872572F4A6F6E354768727042476969556F554C427767317244774A5951674B484838624938676F586C31616B38355A374672534D4D4E4472746C677435686654575A6C5568477A4F7A456B534141415470556C45515653452B6244452F664D526E747937445A38364D49394870696A567A42537852444C6167464942776D34584C7839374334386532692B46362F554D47424152366B3769713638763476757676346E5446785978544142763969354D764135537A6349362F5854342B66772F6C5569706B466F496B3331535652675868576869636478486A43726F636B315945724938485A30356C6C53494B5156427279443177614F79716F644F6E6D47715344435672324E655466446F337531342B7546373864682B472F6C5A625651756B4C50777355354244562F586A2F7A463243354175774933576745314868737A365144665767582B385A766678356D7243654B5A4F364743486B5A5A4B55416A78542B61706859475157356C6363652B527545627157655A716B42416832586159755773373351784B53706358463543726E3370774257634147636E3045714E5174573148474739456B6249616B383234453832734B756E386354656E5868737A7A772B6356385065316B3761374468313959797A45355A6F67447044734D4B65505630676D4D6E333861706855577370415A4264785A786636707571396244503753545A327846695A7536526B496749746C306241714D6931795937787967467342694D5A704B70694B787A4A323258564D436C70426D5659544D6E306336546A474C416A506C424F48794A657A744B727A34394F5034316150625A4C2B767059544F4262754F7347524D683779734735326D3976563242646F56454E7859586B784D4D4266684D6F422F655773642F2F6E644531676970616B7A6A354558594E57725948777434796C436F4A5341716B4C696157533652454366516747736B4C6579414A614F5934784B6734744C793549534673704470516C576C7261704B6757504F6A574D556B696F4A455057353679655170576C384A494E394B73553237774D6A2B335A67535037642B48352B7A74536C486346624563534F4434456A7031657750646550346433316B716F775535454D336567724E516D69545130695369664F6A49423961746B6E366A4578645450553549536A6F6F4D475147564231576E684E776E4D66676878676A6755632B51746C37305551795271413638516D47625679426548614B375073517A442B37424633376C4D527A595A694D7256372B796A444C5246366D723770783964465457396F4A73563642646752757467444A56626A4C6C677A50594377556C67742F426A3339794165736D77726A62777855533333324F6D7969456C5964756F6158645039475542576171564571453551746741576C5A514D64646246516C4C69777653345247634C413370692F71705979793247456B523074376D5254784263774344734547776F4433306A4869497347674847466535336A6977473438392F682B504C4C4E52697A764C414A6E4674374674342B66786D6F5A597255496B58703946503430636D573744315579776D784976745145595A574B797731426B6F43564B306E32724B6D7139743444574E71334F716763597952674D626F534877714A7A4F784945672B44674564676E49746A544F556A344F6F4650447A66775A642F2F566C382F45346747786E4D39756F616D37796244506E3673646B6D62414872526864702B337137416D34466C4447725A7077574B4B49355359657572674D764831764573624D4C65484D3077576A6E48465A39456A714E614C7433537A4B35715A5241494F4B59546731597668587654326C63476F66597143706357463671432B343159496E71673956755A31356D4C6438546C44495548414253422F4E417667454C3465784B64764D4A6F6D4B434862474833544E39374C316A4F2F70786842504858384D6270393945504C636434574157666D636157656C6A665A794C6F677737546F4E75422B566F5456782B794D47336746555033776F786C655952424B7741575656676C4E755555464E54537949733674635473476F71676C4E4C7255474C59564A5841386E7741755A4D6869503337734B4C687837454D2F746A345A5A565359464F6247576C4E3258716134585661316E67657A6F52375A585A726B4337416A396C425A524A7A786B714468516856524F736E66796C5A65432F54715A3435654A466E496B4E6C6A534243474930305373386543715172682F6E2F42697873446764656F7965444971696773633571436F5877474A3078734A3752583657614C72584E5273784232545A664349676F723049536E737976386535474E61312B7237436C4B63774730666F6B2F6B37546A41657052674F6C3848783479795A4943512F72424E697274644276784F4C63536F344B6C4D4157616C67504172735758613531614D766F593074754E74366C49327755716F72636D4A6648465A72626A776A4C4937535342705831373430554E51436849464A4D614D54524A4E6C504C526A4370392F2B6A412B756373792B50556B51305143472B74657464743075566C6C74347A34746B485933707674436E79774656436D764769674F626A62772B71367753434F53586E437341426558774C2B3662736E4D565441656C36684B4A5534487A4D53536D7241557035765277413848366F794B504D435152526855755A536447636B5A6D6B4E6A4C4A6B797266754644493170424A444471526A4761706D64303537506D4C6C6964563831394F596A694B6B61795070524D626441536F563465544A3030426E494959353271545152596F656373794547747637484D494F5A4E5073564A5A425632704E4A5A77366771556E4D4E7069684363384B4B32516C675A4A6267464C2B6179332B514A3842437753506C335233536A2B44736556494D354263396B697676443855336A6D342F506746426E726244473377515A4346477A7158784765434667574F47315531594C5742377459323365334B36414B737937473844543056457A4C704D6245676A49773173446C45766A423279582B2B343033635761346A4C486651646E72593678436242536C6441534C764552417533717455575A30327448496968785831315977796B755551596A43447954316F674F4F6E52736B556C44766174325371455247524350324173532B6A36375769436D59783469724B4F45526344776636354D4D7739553154464C4F33495231476B6E6C7A776D55524477474D77476A736B4159364B792B555432354D45424F6C4E4765624964753159714D2F574B437770516F7943476A424C523042786B5365564B724330683053796349565937494E7969544E565435434864736E385042585450342F55382F494F6F5476566F36527959695A616935706A41304F6F41324758317643746732434E7562734632426D3138426C5A4C314B42556B6D365A4944556D4D543232524F6458417367484F4C414D2F504C2B473735316277506D3144557943454835764370587159474F53535A56477357424F6D6B49595366483933655556354A57523649725252554767326C51443559334C30576279764571726B524E6F42444C6D6F68425543704652496D4E446A586E4E744D344C735A596B474B3675494D6C492B4F6F41666D536A4D7A704535376D6F6C665931305065416A71347733656E436F356369775A4A4B416651514A49417847715457464E4D327256455A44306C52595A4A6D7949724B53724A6F52705232654C746A636E537143574B54594F2B4F5754783935416B3874392F486F4B43714B6A5865363970636254496745645357385A4B62507933744F397356614666676569756745734F376663766F5346316B3572396E4C436F44474A5076424F416E512B433138356477657545534C71324D555070544B4C7751486B6430764144723547347048324F6A734C51786B766F516B362B69737356354B336C737141516A45456C565577474777455A5948496468346B547265586F4D6B6B3542443048577477685971326D434B39524879716C63616858684462664E77634261416F465246626450777574553342463143666F52646749506F63776E35696A7943556F4B456359733170505755434B707948536E4A706345597642564A615456644F6B4B4F756B47506E3733546E7A6D6955667731494D397A4E6161586C5A4E744832304B3943757743396A42645445694B434C6A4C54596F5747363546784C585A67646A5667485A344E505732635A5569422B394F596954707939694850444564594C44336B516F34683647486C32486E45704C33426863525536367141675131796F433754466F754A4268636A54434B485243776553696A726D673877614D664C4B4C636B7959464763585550746F364B354A59646E56316551453741304547554A4E41474C715A2B69386D634177326A4B696164584A54712B456932723656686A344C4F315148646F45736F5579724B444A416379566144304F63524E513951436162614F4D746D51794F706A7537666A794C353738646A643833687748694A45534B43714571415474377A5058386146326E354775774B53745354316C4B52544F4C4144757062523752346C4235364A4468796572455877434679724A66444B38537334755841566277315873474A385A5031744B476432344E3238776C7558683149767371784C7569566E364B6B4B58622B536D6B2F495552733142574D733656546361526A686D464C715231494C596D6D385A4C717055586F57734B36734C615049725546724E786B6A3444436C70737043694677484B456D506B41466D686F68354864455A4161737058324D71414C71426C6E47694C47477469765731456C6B31527061505546516A3264654F796E446B6F514D342B754142484E3775532F64505A4774796A677331717562694B6D597256473061324E355937517238346C5A4170665764646B325069682F47314B334A484C4A334A336C4A4D724C436A6D42746455723768394F5867646358467648716853464F4C71356A4A656869505A3743636D47774F4A6C49643944584653676E334E6556794E523056496E51684E42564436594B6B4B4D5377474B73524B5169554E5738654A6E735A6F52562B6C7053777546714456684B6F35766B384133485A48775A2F2B4559554B324C55507355737474487136394D44433136564A304950417A434142327169495939614756517042745957376D4D644C4B436E624D64505071786533467733303463335463743834776373534733696C31416E377232565356794F587251463230724E306C2F4D776F4876376A5432573635585948626577565534554B44392F434352436A47526C6D694E476674366F564835657062655347706C4E2F76694C41653038546A6C3442766E7A71506B3474727546516F58456B4C7249686D5851672F44495436454A48517275784E3735456D59554A4A4363554E756D6153753131796747576F5238586861552F585266646C354A534655534838496F52584D5A47744C414F646F7A367355316E33566F727543443142326F5179557567686F67534F447448524A58623250564548706568655678585931592F77364C37644F50725158646733734A45556E3249634A4F745251446E564275624C50725737725753474539687A6C387A2F523176713972376332714E72562B426E5777466C3243707A7666584E487273444C4A6165456E696B442F41685076557557795170306E62475747374B516D7556645A484164524834787647542B4F62783178484D3755515A6471425971776F694B4D37775556535564536D615761445752664939564148706F6A57324D497268362B774F307264505763446159457134756F777370525244444F52644B476F71434569787273585A52444C6165517A31734C46514B456856494C2B4B64764E32757139546A54475071356A32452B795A6E6347682B2F666836594E333463455A4730304A574448673477344C4164524756735A55736939616A7439325661384854683955594F396E4F355874623763726350757667444A3544566931776164564A4742385A582F61784B782B4D4C70797271644E62536347586834775572616A754546336D776C773676494B7676586A45336833584745353079696A4761683442706B4A784A4F51674E547230466C6A67705336364F77636871474D78704139542F34563630776D4C3858636756485761444C47315A566C544C4A45764142523943325161744C5361587849545872324E4F6E49593274666F72624D6C306F506870465771614570373277324D4A65386A52634F50344450506E3049393033626C493967785451776C43437A376D7A61786243304446496A5A456D346E5A6F4F637674664B2B305274697477793166414174626D7A65676B564168594A46486168344D7379624B3250766D6D756D4976546A652B4253302B46776C634B786C655058634650337A724D686257536F793941664A67476F58586B3172565A445245314648774F70485578695A6C4B54726E524165797A434F36364F534D73446A44714C457847574E705A526D6A4E4948325970536C396668446F4B456A376A4D4279367149696B7A435A4351645371616A66543851305543545A52684548657A754B2F7A6563776678304A3164374F6E5A74492F645036634977666C44385747554A6B53644567753379757179753257373557657833594632425434694B36424D7A685A63666251535A566C687557624A33515654636F5057663245485433374E32612F7A7A3155696B5A6B4B3663796E6B5341512F68616C613136376B4F4B4835785A78387349614C717957794D4D2B6F6C3458465562697945507161636D5A51305A5870435A774F4C7169593751487A7376342F4B3842574A4D3067556442506B4F335A5A6257534A7971352F3559642B4F4F2B6F77494D794364594B414C444A416A474B31674C7662772F464F4838666C6E373851445A4B6B335A4E585A56724179662B78625A694C4F5A7873532F4C2B566E646C453873326F39434E7974625348326137414C5634425A5368674A6253445767465442705474512B6273334A2F726E38326F533252584F4656446E4A416F684B524D31706159663945556A42493041774574447543634C326C6361764471325864786672694B6C53794833794F34466459456775525150784C744C4D4947363035655A644D3441685937634E522F5A6F516C674F56354D6A71543567554B686E64654348686B744E75305454426D76495937426947436A534738395347656657672F76767A356F37696E59364F703751594953704C6C4B785355533662396A6E444243466335416E4C4571496B6C517A376141725A4C69376B6D6A6739796930396B2B2F4874436E7755566B415A3268593345372F33324C6C6357774B35542B764953344B704F6C566B505A704F5874594778745637617145364971454F4D54472B53413837787678434368773773596A6A5A38376A335049616972674845314B79786864776D3552555269412F6975615649617063535570497742714E4A7A596C5A445041303467446779784A6B52734E6E36374E486D567546457965495377797A455A41735867526A2B325A7731642B34316B3875614D325653314B62504D392B4A4A2B3170476C4A744261733155476A696C48626F54656172465043424D754A58624933514C57522B452B61592F7851374943796A674F51624F494C7546565977386271632F57414D4D424631742F71697268736349747631752F4968776C4A58716637414953444B6735525A2F416330736C586E357A694C6547617A683735544C5753462F6F543048337070415A48364F30524254537370327A6844366F44454841757271366A495264516C2F44317A532B794554466C4B78347A7634685478486B476670566A6764327A754B6C5A772F6A68594D2B5A756F784770492F4F3678504D527055636533473345694832513934443358326D68534D7049664E745247772B3543637A585933326857347A5664413566566F7A6E7475784B31356F4E79556A443759327264334B3274565644596F6169646A655975594E6C684A34633369504C7473644B4752376D4F42744D7A456E6F75637052456976413367422B6367657578764459655930427577303850592B42677A572F5569735359556152726678775942613857616359715573596743737471665132646A6450494532304F464233624D344C3774552F6964547A2B4158524545724D53424F632F516F6365596941595356674D5A664F5932367153765A7559337A76786D313846797852786F7338517661654A7466704730683965757749646C42515377584A43774356724E547141444B2B456875557137525452714C624372783868482B465375704C4D31625A4A7431454D395A63717059716C356A55324D56542B572B685937696A39364D38582F6E44694A3035657649764D37434B65335956783653417A4863694B705561306D43525A586C6C476B3341375A706F5559726E624B444A3173684F334B34496D39642B4B6C54787A4355337563363434464B374C4A4649464B6E6A77654F766C514B3474515651644B5462427470736431586B6A7335464F614330325669772F4C475733336F31324232336746564E5667757638667666486D67646638724F592F3266765A30683861515968397939613061624E38587A7336304C4143487461685A614461316F794143356E4261323876344E6970633369443071645464324C4E684D694348737167672F556B453755476B3544576B474F374E344A5A756F782B5665447776763134386569544F4C702F4941504B72446431535562665A5046666D342B552F5A4D44746D5456397A3332356F7658716547313064567466486530682F6168573446724E6178627347764567676D4E444A556C594649596D584859734B6A77396C4B4369364D632F2F3644553167715134785542346B4F73546F61343933465258484737616F55323951796E74792F473838393854674F375A2F4872707234535A61364544386434477743627175686667744F6466755237517238584662676C674B576E634E7052474F757545384E4C6732733068316E4858686E425668594E4C693650734C364A4246747256367668396E70455076754472467246694A507A41466C73616F66417A3046524A49447571646A384C654B6E7A2B584B366664534C734374324146626931674D51396B7933437A626C5348513757635665494271572F46412F6D32764A453657723635545558356B3044464A306D6745536C5A727469304B59316C6E5776654E34573942597666666D53374175304B664C41562B46384779634B71715A2B66614141414141424A52553545726B4A6767673D3D, 'cardenat@gmail.com', _binary 0x4D49414341514D776741594A4B6F5A496876634E415163426F49416B67415343477077776744434142676B71686B69473977304242774767674353414249494674444343426241776767577342677371686B69473977304244416F424171434342505977676754794D43514743697147534962334451454D41514D7746675151362B41676E684750786D69677478725171454848765149434239414567675449684759304358503147425A70303134666D46683353364F337932647A366C44696A504C583846483979666C6F467047396C594F75436F2B52434D4F753644382B37357159544D2B736E452B4E5A45482F4C62776744546A69336B414D3168664C545034585463344D51343756705768756372452F6A726B654C683873333269474B68644E52735A412F54696C57586E4479507A2B5A3877667958624166544B53464D31315955524E533364394E59304E3053686D364B5376376A356F572F55357755475165673062697264537A6852374439573973777743686972434B414D624B576362736146754A555172566D776A754C684E6B646E4257686374726465414D58534F75304741487537474E6D59306F7A656A7579703838666B73637943722F3976526236586C556D6D4F37496D724F707A61414252566F35426444307A512B6B656673534F4D2B51386F797559637535794A706F5765676A5037344D6F78564A36446A42344344484A4B4470575A4A4C6D6D6C4F706A735A464231636E346D6D7A53613353645269564C753330506C62773132595277796B596F725A44704B5A675276306F4B57734C4968356B6D5958713353686732364D615A3859566B72334E565A387542366C46626932356B446B6D6D4D4531396556576B53726C396A714C495542346B64372F4B7A5332747578692B596F54676F4B44756667554D6A4A7847366D793775657A4B4E32364259744673796A2F30353656464F4736637438746B5A747A4766585274443175776E645A597854364837372B486F4765656C4872426177485135336C774B737150372F6A35794742382B71703653627939635841337A33414B374E70596B5A327578614D2B55614B774D6B78546E5471516B755A527A4A5348427334484C43367632793074684E5270573378474659762B3579582B4E7738342F5769506A4A504D6B6E6130654B55734375307A61467479617A3339354F664E337354495539683070584430373049764141706C4164554F3277472B48703867724B797459414E2F455A71594547545551637A636178676E6F7161416A546F76476F66763733516A634A31566543787778462F3957372F64576A36316839554F6347394D2B3430324F7756393267396B4A2F52513644436A6E38452B6C6C62347749517745444A4C6E69755A5339777377545433306F2B4B4B647A5738375A38466A625642782F61357044484F4E4D674E48316244594647384F6C4B59715A7754514D69426D427047714A63396E435A63584F434F48706A6B4E33655A6C4D7576415965797949632B7351322F526A4F34625078486936775079447661796B4C4C494E3933643551596E534737737946322B32502F4555574C763468756341724D7548393634486E4C5159587A496D4E74784246726A4C4244754D704A7846395755566C504C3655567A2B4E79716E532F412B562F4C502B4C4836356C66586D4B4D6D584C725849586E6A59567A71694B35326F6E5159306B653879363241324A4A4F6A4758434775797843487057327241477A2F68524265336279783870776E4C3871715845793048726D373665416E5747444264565A2F503867526F712B66565A2B445139734F6C326B7158384936556B7832454C78546A627252454A6453764B44642B4E637852316F496870544D5A6D312B74356D6D626D6E6B72354F374D786172414A6D41436E37426B7842502B4B6976676E69464F537774764F4A2B6E7756634C476C396738707947634635576B6F305A31366E5056646B4F527A75574F356C48505553786334674D2F39387236576E6C706C67564F4C2B502B457941654B4D766B576D6A316B70764C78764B6432615074642B754C76324A2B4D717374452F74486B543750346C5A77424C2F3252334A6563484E46656F4E4C68624E7677585976624D32446C772B39486F384B6F456E6A594E3433434F6B55654A53796A4C356D646352664D57796E504A37334474612B514F5079375A4B465537446A4B7041654F4B6D7432723739796A4C5455316D6E2F2F7A536436792B364D523953574A78426E345269384252524659557358594A4B37756C4F72744B2B4D48632F37686D576E4970673355375672326A366258793834396D33417133595255465272394D46797669564861622F5879367738656654786744565177583430636C636C6F4C482F66386C337063772F71356F48624535465135456A2B4F776E4F583930786151572B4A76716F4B4844434D4A38734A574D5947694D48734743537147534962334451454A46444675486D77415451424241464941535142424143414152514256414563415251424F41456B415151416741456F4151514253414545415451424A41457741544142504143414152674246414649415567424A414534414A77427A414341415577424641454D415651425341456B415641425A4143414152414242414651415151416741464D414C674242414334414941424A414551774977594A4B6F5A496876634E41516B564D52594546435A2B61475359517558592F75502F506D354C4D3147686549467241414141414141414D494147435371475349623344514548427143414D494143415141776741594A4B6F5A496876634E415163424D43514743697147534962334451454D4151597746675151695662366A5938796D5A61443641645A70616F6857514943423943676741534346476765494C6E717876697A47776B79734E336B6137534A4542776B2F6753697637395937742B69766B34707A532B75416C7762516F656C4D4A376336473269364E756B78746E756E4165324D3432434A6D506A6C55344472715169736F484B42463163367234793830314F495A7777423267515A7A5A5A6F72635655445A764938714566786B616B4F536E58474176507343635A416B36676B4C354C58344348582F70396464612B746A2B2F4D4746633467366441572F4C6A3157436334765A364D4B4A7631724F6A6256782B4658577256682F32582F5263705554634D6242595249644754335A31374B4864432B57466D4B48384C68547157697744636653637345355665426E6F594E354769747A51643569575472344C3349415539336639515730556A484B694878544A7A35496C4954646438386A71586D764B61315963316257564F78506166485663533876565376377A69614C4C3957677756324230324A635436754731466764467831434E4579336A79584C4C52434953555462326D72615A4D37574C6B79326E6B72733777454D2F68427036663137676C777A7149706F49453848476B526A6B4A5146675134576D63385A5456664C5A746A795364427046587365772F55546D6B34353447695673495A6256776F79526F4F3835534F78435133363269756D707061516C50665946724365526E5348324B536A6A675339766C393934364963452F6B6C7764507373366B7267636269786F3459766863706F706A6455515A6377316F45734947636B53734A2B46596F62326A746A7367524E68414E76366C686F75713956716141664A774163756176616463552F477679417465424879534C66397A6C372F596F436649483846704A5976714E79385172313568624E7832796E706C736A7074453551317473776C584837735054456D6D4C53386F6B6F4552784256726F775563496F79434A596C6D6F396470317947776D6B644559664A724F45584D7A4448514245544B64776C7873464749683858304C3043516F4965526931415174714F6C516830696549454266623062544D4E67467076512B484A694D414C5864573646506E70436E47616C68636356413032546B4C676A744D455A73446F4D65463473457070494F7A42304D376F7049497A47392F6873636B674439696F31556E335055694E656C394E55367A574F3469643769754B344446504E4366524A796F5455393043507A506964626C4A516A314E66423736695A327A4F396373566B785750534A6272637671385A7861445771664D63336C6C4458344A69646B6B784C564B6D7168796F5A783953354749377A4E7844514E575A357975676355773647474A4E2B64614F33792B5463363767707068737A69346672394C307A484A513473516561454D43327650334E614B796765527472534C75596634483235623242737A754E6F303263484C6C6B572F4D58622B5377596F41504262757968562B493853614E387242696A427335723366576F75656D6752534D41797A31772F467A79364530655A796666702B77436A43544D50686569544D75536A65374C50702F623169667A4E46692B30454F71376B6E39596B76752F354642577A46364439633763585579766F69446651656E7763312F54716A6E4A752F45756C34305364374D4854767443534D4B6765444B58334B515A2B384B78317061647A2F513947767077666F6A7065386470594C5252386859346868386C70713657755742652F5372564E47386B7A496479624C4370674F3543375076497641487063336E764377594666454D69334F5A586343785450496E696978393554743761394E474D645953366969544E773250594A4F56484D5761377A3669394B672F56626C6D67486D426B566F6A57663656564C2B4633485A574778325461454866384A7A397768626C3250474F4A4B5456664D6172624D6F524B2B502F3963777436375471552B78314468485971383447556E565044542F624D336644486862367137304542424F634E2F4E784A4B4D6E6371786C454437496E34476C37445431526B4F384850584E4D43566B785A314F51305848576A4445712B73347565792B773268727931704370333941692F6741576163736F6F394550357A4859315349593651776141446C69446E65774B6E794147434B2F7742374E74303930584977463269764D6D695745536E4C376A596E44645A6B63344B46717174544D746F6455784237717879536E386F535A797735732F312B3778355459475935777A373575754D6C59686E6E6D74775252727A43636441426F4261385230547A746343464842377A6E4E586A2F513438544F3770452B6D713246666A4F70496173425764516F4F674B5A7A314846356743386E652B553151714966764B4F6B3674374830376559433775394647773238626D4363474B6C4F576532313243346A4253567947735255616C333470595849596C3165675544425A5A763061485754613645726974306352446D6D6E6C55307A4F6F624E3373785048303375755879366B477862364F4F6B4A674B6D4E3964642F7136465A763475387877566446654D732B35386B6B502F3071376D374A4675515A36594471617834494E682F38326D422B464C6B45744F2F5873344766387964744B77763551722B6944725930524A34396562564E2B762F4A35576147432B56616A6430766A534461794C6B594662594432486635794A6B344758726B415A7136327368594E356D67662B5362773255467848532B4B67555466497A63773744446A73584C694E5A5A516F6F636D30475866437852665A3268317064614371537132743339755679535866585671624B654555693357416D72433154566F50567946774F3633394F72415635554B4D56527231654F37444E6E4454376F564A506C794776785770484E596B7771496B4E75524C384A6775514845673053436977794B796A6C4D463150753551707158304674646272645A3937496F3267792B794551627774314B596D6C414D7631786D323861456458333261466A38762F4E4C362F784F3443635870355A7266615445794C66416854536970593870517276545230353072346C55664C3455556D724D596A6947483052547A56316435784A504E6264614F775561383468675A38744E48696A7A6470643677727657324969694262744B527459715055443533576C615A515057536E4547685539727A794664497269364650616A783652684F764F50494B44796430536C4F42394B6B5A676F7063506C534734446F736D3046504E4172474450596A65625A43626F525179484B304D6571336A63386F434433763145334437707A3045426F37494F3537742F7A464536314E365976616D576A654F6B4549467739384331667A2B62366A4F712F38526C5243786C616452455541525570794E564F6653347447486E47526D42564B756F5564354874385759586A756F6B72523166476F4A41652F6E4A74444A71755151384E4B7459707276507A61736E386B7563705930747464335732435135316463647A784D48634851674B2F623458792B7069465762752B79717064334475754D56322F6C6B7177724455652F5144617665666530654D582B58724C506A6E634D5A302F53757565706C4E65516E726F6E3071693159596A4D77676358704A782B4D4D726F466C5351344E38384352396A7076444F57675A484F50493874464F4A37466656624C4355734F72503678363969504F507568704E3930744C464A6F2B672F4E4E534B58683770794D31416B7A564355716C2B48745A446D5163697257504C6B2B74487966766F6C4F666367314A4C525A2F314D5A4C54386F57355A77446346523171385166524D5642722F7451792F3030563931456649367956686947774C76595252737A59397741633833514B473433725A2F4B7747614B6755616E4245596A6B355555552B55646849334F502B6765352B63504A36425174554D59303374446C4D5A6C396A394F6662713356344856554B57463231696D64775439633572304E4C4372654C426B3663326E766639507349727833566C3146756E4441664A326235554C34412F6E487248356678616B4F67515A545A4B4E6873556A777438556E366F6F514C4F714A576D775A6F686868615161756A4C4A7475774A6A6867794E586F66772F6152377145586D61555A626A454B6D57616D47706F53464E47302B423131787942582B5139356866346F316649466946645133625067634779474B6B6A7A47613472544246693530486E4F6149735944704573732F782F4C35322B356365692B6C534567574131655059695243564C705877683342307A2B767A6C595132787151587567555463474A6F334D7950416C2F37645A78522B556B776C446A4D674F6C784631784D68312F6452704138324A6A46567437683448344C66627979485A72426E3877303931526A656E632F673267383043744E477A386A474D6E72774242322B4163706E6C7772656256557535316B4347463363516467524D64614E4A63382F354156512F5A4E796270644E52436F744C6B514C356163514572517967413335313970334C2F657652634C304542306363484C39704A4D495A4E424B5030736D5A66714778793779344D38343767437557305957597A6E336C38474A556A5747517836334578784E597233425A72564866373175466431307255636B50693453764D48536462526E54744973705663567A7A5076476979516275693679716A4D6645324E572B304A57516F4435476E68307166746D586736326162704833554272376A674631546672784F39527630445356546C786D3973455A5A4F63714C44366E39365171387246694857536C633466304B58474A44766D615633667943543262614F4B6A465438545655784246443161567976774869533642643836666B424C2F67742B4D455A474874764141547978487848544C6A2B6465777042346D30793330796F6A3558593845414C676C6F30506334585161464836796C6C4151662B6F6269457A3475584445507A793568724A4644714A7871456E734662386D6E6C41657551446D736D6D7947416D7961675175626B47337636367A4C30527230756B5A46476B596D56694133496A6F684C4367353769724557674F4D6F4A49725745444F424F73635041303078366A38327957426C517559783942626A474975506145474D714D4C4A412F46655776364A4D444A7047635A4970436F4565324D6271554B425272504C504F6944557178564D6F414D76474259727762393777423669452F524E594B4144462F35455677353033554F6A4B367A73373557566E4A652F6E592B37743672314D6A364E7432645450713634797967554168555047476548327A3570312F795A4873316D764C746C4349484E6759616B6B376F554A726A502B4838546C424B5549675844574F56384C4B4839464C5132547138334B424844784A34613741675857586635786243533670366578704A71785767787976594E30524F72364D6D707761707A306D454B2F497151453451494E504161514A77644849456B7A794759505956594E62796E47683354495555535141434A2F484B506A5977736979392B69646574534E424252526777685065534278533665782B37566E6C773233396F6C477370326B6B785479675759496D34782B74737261464B7767446C533772596F70773338417472524D4139676143742B704B2F7A6573506D415143794A77574E6655697149722F304F4B7534724877343144424B77666D6B636450644172757579742B68623545464F78626C4B462B796D303451782B7A534A3057544E492B685536416B624374437844496468355554625A6D35693231663873444443374252775073596D4F78355A51436867524E5A4A4D4C5642396C5070456A44416C35356E555876392F564435517A72343673596F2B6C51524A7949794E72467854634634774371576F3457555A4C7163534D5753653763614E67454B4B342B35693838706A6D39497A4F4B71476E79466D786676524776416A4847727430356C6341774C676C424843354D6F7541306450446A372B654F7452576342453979626A484333766D474D77722B454239712B2B6C7A7A356E5037576554414832524673506C47496A6A356A564A6938455A726C354C5A2F6A6B5153654F48636443637630484C5A49432B767131397371776B5A4E6F4E6E53714E3362492F5A775A48367778472F6F6D56707078393761354864432F5A6966426B2B5269754A707967434C4A4933524A37476E305330506A5667445135635A2F7375316378443255423962716B30356570396A37346C76777530412F766C616357444675346276484F364F546C315A534E6777565A474F306E3362795448672B544B7647586D6B5576413365616F43336E474C794B486E536E377665506A482B4637396249707549794D3045625642582F78755336564A6954634E55767554742B4371313562594459426A6B552B62316C336B4D3738444961756C524171686351752B7154636E38575245314C6C4179487636484F51617537446D524459596439474F5A556F6233586E49302F36356861445179352F7575556A67433274544439316B795A49456E714C3978384434767857582B3258773470766E5A6F7A54745A46532B36696D7A4D78756D6D693171425051457768747332594D5A2B33684754436834786F457854582F6C5053356D66547642724C30496F5579523767546F6E2B69326D6837772B3779665242456B3474614E46464E2B7537776C384852522B4D54394A47772F70747231553530444F452F76676E34616F31647A6944534334326C6A5471745931333279536A6645726757335738597A41376B7973426C5259484A3361336F794431533759535376747446744E366D4A4B45336D79523477735265677641597A544965577A36426C544633543967626D465543696E4E6F6F4B304D69326677564A796A51414A7345554A75453462335756652F5077324F384B554E596A43753936423252693146784A68304977497046326F424163712B51542F4A71796566703956692B79697436474578327439764D6777377350466F305A487635535976514F3273747968664376663372397334775276306E6A4579364551595272616453675567466C587A6D4F304B624832392F6E61444A75345337525076734C34346C6A51364962576534786E724F39626943547336524D6C533963303758772F6B6261452B7258693157737454423375566834367966504C714F6A6A4A766F5A75435A677A5271706730556D376C356A556F574A464C652B59372B654E3445696F745168746779614649584256476C3574672B454D6B467937524C5437626561376D426274516B2B6450304A566463416A325946624E767737484B72324E4678693776754B396733524C687972474E71654C455A68757754382B6A573043646A44437A45304A2F45477273537062735A4355474E4F7A58433368566832505752365668466266325550556431556178314D47744544494E7A324F454432665972632F73507044574D45473234417439692B6F525171345A334C66525677535837617A4F4A53316D4F314330754A65306B524267794E50673576314B647465595967364D726F364C3978514F634E32563437424E69596A376975306B6267534559347552436D4D7931746C4C534167564C7432726A664D6741656C746369446B424A79502B4751542B2F713869447A6B375375712B56776A73487A734D514234347871424B514C30687A706B6239512F4C4E6646785771374432534F3662346F5541774C5341763746547A7759547A41357944566C724D494579364847597070323537574B2B2B37585254636D4346672B7463644C533645684E6F5466676533513678623649616E6F502B4264514D6578704F5653764377496B49596B69673156786B6D6C394A476F384A3049796D3667566B5335734243336B33446A4E67746350415935734A6D55454937445150494B71527749495734574F3057447552634B78714A6C7A47416951536E7945304B3447474D6470462B4D676F4A432B3969313245496C2F32344B6C4F706D737861476B2B73414338347A36625A73676A4476536C4845584B73354F453131624F61376C2F7631796B333438465865516D55555A624A31534138632B65626A35557531656266704F764164324C5241722F7157354A4D524C6D47467A553942364652685239746564686F4264636950344F3966456D6C2F712B5A7139556733377361456432335732424B766334674F65304948734C35766758515939674E38322F52484B52435466707452583868314C6873427274696F69615666426370503955302F4A434C3138755642307961592B3063614445514E48686255432F367930705779537462536E59472B50492B454C47344F656B5A6E42384E764873717558592B462F316D2F367471496E516A37476F7562454B79357076556E445065755A61565167694A416562784C674D37633757314A6E6C424F6A6A4665734B7851752B376A75452B376950496773792F377A6A692B46334B756867476B4C2B6271596156644B4C42724646586678586A3146574F534359762F4A6558494B645838506839424C724F3055596953327148545A683964783356435731495467774745466D6977617A4679764E354747724D616B7744554665564B7244636279594255526332783330584C2B6C76774134554C516642624A444C582F5A63535257557A4C795A31664368613631426C5944366E69434B6373354B4237536164525179346D534B374978715776326F364E65544353477044477651655161542B676A7A726870656462515A474A37363335314942794776353439566E466D49743442424F66564B64552F6F7A66693754394D6D49664D386D32652F4D617343554D6B2F7261313234594F54492B4869727433344464452F6D397368487A2F4B784B4132784F77756A586474645050557849314558676A466C7656646572387452506B5873443141626F775546504979316C6744313359356944796250474130594A4C74304A517834706953623249563951317437474B66726F5572647232595A5957657554636D4452372B674466354F4D422B57672F6E68413331713358543069566A2B334C424E6C427641515463556E58652B6E646947545A7975455033533334762F4A426236774376303632664E4C383753725444704B73595A7945494955444C4D52784E51687045436A75544D444368786A6E68383643793359525A34494E5774364961454E7062787274715679627552624544666654634739427A58304D4871694D38703274344B384A6F4B6C43656F49743955324A395A397841536C44573930684F4264614F32457163782F5A593969586855534D5A4579644534756B6D6638752B53574745434B734E48584C636C6E44715347355752777172656D6947657A70302F7A5832646A464C5A673476727962317964656632574748696931657A466A46506865716E523038314854516A6B4B5A2B6770744435746859656F43797245622F324B44676C5A6A726E7269313437324F44324236674C714934735836574F55706D37746A676B375963456978384F6A645468314E46304241683332447168756D4776574141414141414141414141414141414141414141414141414441354D434577435159464B77344441686F4641415155786D565650355375646E555243774C714563364A76506848615A6745454F384270303365564739717031574C7255474761655143416766514141413D, '123456', 48, 47, 1, 1, 0);
/*!40000 ALTER TABLE `company` ENABLE KEYS */;

-- Volcando estructura para tabla db_fact_quantum.company_plan
CREATE TABLE IF NOT EXISTS `company_plan` (
  `id` int(11) NOT NULL AUTO_INCREMENT,
  `current_counter` int(11) NOT NULL,
  `start_date` date NOT NULL,
  `end_date` date NOT NULL,
  `company_id` int(11) NOT NULL,
  `plan_id` int(11) NOT NULL,
  `is_active` tinyint(1) NOT NULL,
  `is_deleted` tinyint(1) unsigned zerofill DEFAULT '0',
  PRIMARY KEY (`id`),
  KEY `fk_company_plan_company1_idx` (`company_id`),
  KEY `fk_company_plan_plan1_idx` (`plan_id`),
  CONSTRAINT `fk_company_plan_company1` FOREIGN KEY (`company_id`) REFERENCES `company` (`id`) ON DELETE NO ACTION ON UPDATE NO ACTION,
  CONSTRAINT `fk_company_plan_plan1` FOREIGN KEY (`plan_id`) REFERENCES `plan` (`id`) ON DELETE NO ACTION ON UPDATE NO ACTION
) ENGINE=InnoDB AUTO_INCREMENT=4 DEFAULT CHARSET=utf8;

-- Volcando datos para la tabla db_fact_quantum.company_plan: ~0 rows (aproximadamente)
/*!40000 ALTER TABLE `company_plan` DISABLE KEYS */;
INSERT INTO `company_plan` (`id`, `current_counter`, `start_date`, `end_date`, `company_id`, `plan_id`, `is_active`, `is_deleted`) VALUES
	(2, 0, '2018-06-24', '2018-06-25', 1, 1, 1, 0),
	(3, 0, '2018-04-25', '2018-04-26', 1, 3, 1, 0);
/*!40000 ALTER TABLE `company_plan` ENABLE KEYS */;

-- Volcando estructura para tabla db_fact_quantum.company_tax_year
CREATE TABLE IF NOT EXISTS `company_tax_year` (
  `id` int(11) NOT NULL AUTO_INCREMENT,
  `company_id` int(11) NOT NULL,
  `tax_year` varchar(6) NOT NULL,
  `is_opened` tinyint(1) NOT NULL,
  `is_active` tinyint(1) NOT NULL,
  `is_deleted` tinyint(1) unsigned zerofill DEFAULT '0',
  PRIMARY KEY (`id`),
  KEY `FK_company_tax_year_company` (`company_id`),
  CONSTRAINT `FK_company_tax_year_company` FOREIGN KEY (`company_id`) REFERENCES `company` (`id`)
) ENGINE=InnoDB AUTO_INCREMENT=2 DEFAULT CHARSET=utf8;

-- Volcando datos para la tabla db_fact_quantum.company_tax_year: ~1 rows (aproximadamente)
/*!40000 ALTER TABLE `company_tax_year` DISABLE KEYS */;
INSERT INTO `company_tax_year` (`id`, `company_id`, `tax_year`, `is_opened`, `is_active`, `is_deleted`) VALUES
	(1, 1, '102018', 0, 1, 0);
/*!40000 ALTER TABLE `company_tax_year` ENABLE KEYS */;

-- Volcando estructura para tabla db_fact_quantum.correlative_document
CREATE TABLE IF NOT EXISTS `correlative_document` (
  `id` int(11) NOT NULL AUTO_INCREMENT,
  `increment_number` int(9) NOT NULL,
  `serie` varchar(6) DEFAULT NULL,
  `company_id` int(11) NOT NULL,
  `document_type_id` int(11) NOT NULL,
  PRIMARY KEY (`id`),
  KEY `fk_correlative_document_company1_idx` (`company_id`),
  KEY `fk_correlative_document_entity_masterdata1_idx` (`document_type_id`),
  CONSTRAINT `fk_correlative_document_company1` FOREIGN KEY (`company_id`) REFERENCES `company` (`id`) ON DELETE NO ACTION ON UPDATE NO ACTION,
  CONSTRAINT `fk_correlative_document_entity_masterdata1` FOREIGN KEY (`document_type_id`) REFERENCES `entity_masterdata` (`id`) ON DELETE NO ACTION ON UPDATE NO ACTION
) ENGINE=InnoDB AUTO_INCREMENT=31 DEFAULT CHARSET=utf8;

-- Volcando datos para la tabla db_fact_quantum.correlative_document: ~10 rows (aproximadamente)
/*!40000 ALTER TABLE `correlative_document` DISABLE KEYS */;
INSERT INTO `correlative_document` (`id`, `increment_number`, `serie`, `company_id`, `document_type_id`) VALUES
	(11, 2, '000000', 1, 42),
	(12, 0, '000000', 1, 43),
	(13, 0, '000000', 1, 44),
	(14, 0, '000000', 1, 45),
	(15, 0, '000000', 1, 46),
	(26, 0, '000000', 30, 42),
	(27, 0, '000000', 30, 43),
	(28, 0, '000000', 30, 44),
	(29, 0, '000000', 30, 45),
	(30, 0, '000000', 30, 46);
/*!40000 ALTER TABLE `correlative_document` ENABLE KEYS */;

-- Volcando estructura para tabla db_fact_quantum.country_currency
CREATE TABLE IF NOT EXISTS `country_currency` (
  `id` int(11) NOT NULL AUTO_INCREMENT,
  `currency_id` int(11) NOT NULL,
  `country_id` int(11) NOT NULL,
  PRIMARY KEY (`id`),
  KEY `fk_country_currency_entity_masterdata1_idx` (`currency_id`),
  KEY `fk_country_currency_entity_masterdata2_idx` (`country_id`),
  CONSTRAINT `fk_country_currency_entity_masterdata1` FOREIGN KEY (`currency_id`) REFERENCES `entity_masterdata` (`id`) ON DELETE NO ACTION ON UPDATE NO ACTION,
  CONSTRAINT `fk_country_currency_entity_masterdata2` FOREIGN KEY (`country_id`) REFERENCES `entity_masterdata` (`id`) ON DELETE NO ACTION ON UPDATE NO ACTION
) ENGINE=InnoDB DEFAULT CHARSET=utf8;

-- Volcando datos para la tabla db_fact_quantum.country_currency: ~0 rows (aproximadamente)
/*!40000 ALTER TABLE `country_currency` DISABLE KEYS */;
/*!40000 ALTER TABLE `country_currency` ENABLE KEYS */;

-- Volcando estructura para tabla db_fact_quantum.country_language
CREATE TABLE IF NOT EXISTS `country_language` (
  `id` int(11) NOT NULL AUTO_INCREMENT,
  `country_id` int(11) NOT NULL,
  `language_id` int(11) NOT NULL,
  PRIMARY KEY (`id`),
  KEY `fk_country_language_entity_masterdata1_idx` (`country_id`),
  KEY `fk_country_language_entity_masterdata2_idx` (`language_id`),
  CONSTRAINT `fk_country_language_entity_masterdata1` FOREIGN KEY (`country_id`) REFERENCES `entity_masterdata` (`id`) ON DELETE NO ACTION ON UPDATE NO ACTION,
  CONSTRAINT `fk_country_language_entity_masterdata2` FOREIGN KEY (`language_id`) REFERENCES `entity_masterdata` (`id`) ON DELETE NO ACTION ON UPDATE NO ACTION
) ENGINE=InnoDB DEFAULT CHARSET=utf8;

-- Volcando datos para la tabla db_fact_quantum.country_language: ~0 rows (aproximadamente)
/*!40000 ALTER TABLE `country_language` DISABLE KEYS */;
/*!40000 ALTER TABLE `country_language` ENABLE KEYS */;

-- Volcando estructura para tabla db_fact_quantum.country_tax
CREATE TABLE IF NOT EXISTS `country_tax` (
  `id` int(11) NOT NULL AUTO_INCREMENT,
  `value` decimal(15,2) NOT NULL,
  `country_id` int(11) NOT NULL,
  `tax_id` int(11) NOT NULL,
  `tax_percentage_id` int(11) DEFAULT NULL,
  PRIMARY KEY (`id`),
  KEY `fk_country_tax_entity_masterdata1_idx` (`country_id`),
  KEY `fk_country_tax_entity_masterdata2_idx` (`tax_id`),
  KEY `fk_entitymd_tax_percentage` (`tax_percentage_id`),
  CONSTRAINT `fk_country_tax_entity_masterdata1` FOREIGN KEY (`country_id`) REFERENCES `entity_masterdata` (`id`) ON DELETE NO ACTION ON UPDATE NO ACTION,
  CONSTRAINT `fk_country_tax_entity_masterdata2` FOREIGN KEY (`tax_id`) REFERENCES `entity_masterdata` (`id`) ON DELETE NO ACTION ON UPDATE NO ACTION,
  CONSTRAINT `fk_entitymd_tax_percentage` FOREIGN KEY (`tax_percentage_id`) REFERENCES `entity_masterdata` (`id`) ON DELETE NO ACTION ON UPDATE NO ACTION
) ENGINE=InnoDB AUTO_INCREMENT=6 DEFAULT CHARSET=utf8;

-- Volcando datos para la tabla db_fact_quantum.country_tax: ~5 rows (aproximadamente)
/*!40000 ALTER TABLE `country_tax` DISABLE KEYS */;
INSERT INTO `country_tax` (`id`, `value`, `country_id`, `tax_id`, `tax_percentage_id`) VALUES
	(1, 0.00, 28, 29, 24),
	(2, 12.00, 28, 29, 23),
	(3, 14.00, 28, 29, 25),
	(4, 0.00, 28, 29, 26),
	(5, 0.00, 28, 29, 27);
/*!40000 ALTER TABLE `country_tax` ENABLE KEYS */;

-- Volcando estructura para tabla db_fact_quantum.dispatcher
CREATE TABLE IF NOT EXISTS `dispatcher` (
  `id` int(11) NOT NULL AUTO_INCREMENT,
  `first_name` varchar(180) DEFAULT NULL,
  `last_name` varchar(180) DEFAULT NULL,
  `phone` varchar(80) DEFAULT NULL,
  `address` varchar(255) DEFAULT NULL,
  `email` varchar(60) DEFAULT NULL,
  `dni` varchar(50) DEFAULT NULL,
  `passport` varchar(50) DEFAULT NULL,
  `ruc` varchar(50) DEFAULT NULL,
  `company_id` int(11) NOT NULL,
  `identificacion_type_id` int(11) NOT NULL,
  PRIMARY KEY (`id`),
  KEY `fk_dispatcher_company1_idx` (`company_id`),
  KEY `fk_dispatcher_entity_masterdata1_idx` (`identificacion_type_id`),
  CONSTRAINT `fk_dispatcher_company1` FOREIGN KEY (`company_id`) REFERENCES `company` (`id`) ON DELETE NO ACTION ON UPDATE NO ACTION,
  CONSTRAINT `fk_dispatcher_entity_masterdata1` FOREIGN KEY (`identificacion_type_id`) REFERENCES `entity_masterdata` (`id`) ON DELETE NO ACTION ON UPDATE NO ACTION
) ENGINE=InnoDB DEFAULT CHARSET=utf8;

-- Volcando datos para la tabla db_fact_quantum.dispatcher: ~0 rows (aproximadamente)
/*!40000 ALTER TABLE `dispatcher` DISABLE KEYS */;
/*!40000 ALTER TABLE `dispatcher` ENABLE KEYS */;

-- Volcando estructura para tabla db_fact_quantum.entity
CREATE TABLE IF NOT EXISTS `entity` (
  `id` int(11) NOT NULL AUTO_INCREMENT,
  `name` varchar(50) NOT NULL,
  PRIMARY KEY (`id`)
) ENGINE=InnoDB AUTO_INCREMENT=21 DEFAULT CHARSET=utf8;

-- Volcando datos para la tabla db_fact_quantum.entity: ~20 rows (aproximadamente)
/*!40000 ALTER TABLE `entity` DISABLE KEYS */;
INSERT INTO `entity` (`id`, `name`) VALUES
	(1, 'Payment Type'),
	(2, 'Mail Server Type'),
	(3, 'Mail Security Type'),
	(4, 'Mail Identification Type'),
	(5, 'Permission'),
	(6, 'Role'),
	(7, 'Module'),
	(8, 'Document Type'),
	(9, 'Tax'),
	(10, 'Currency'),
	(11, 'Country'),
	(12, 'Language'),
	(13, 'Transportation Type'),
	(14, 'Identification Type'),
	(15, 'Emission Type'),
	(16, 'Environment Type'),
	(17, 'Tax Percentage'),
	(18, 'Bank'),
	(19, 'Time Unit'),
	(20, 'Retention Documents ');
/*!40000 ALTER TABLE `entity` ENABLE KEYS */;

-- Volcando estructura para tabla db_fact_quantum.entity_masterdata
CREATE TABLE IF NOT EXISTS `entity_masterdata` (
  `id` int(11) NOT NULL AUTO_INCREMENT,
  `code` varchar(50) NOT NULL,
  `name` varchar(200) NOT NULL,
  `description` varchar(255) DEFAULT NULL,
  `field` varchar(5) DEFAULT NULL,
  `is_active` tinyint(1) NOT NULL,
  `entity_id` int(11) NOT NULL,
  `is_deleted` tinyint(1) unsigned zerofill DEFAULT '0',
  PRIMARY KEY (`id`),
  KEY `fk_entity_masterdata_entity1_idx` (`entity_id`),
  CONSTRAINT `fk_entity_masterdata_entity1` FOREIGN KEY (`entity_id`) REFERENCES `entity` (`id`) ON DELETE NO ACTION ON UPDATE NO ACTION
) ENGINE=InnoDB AUTO_INCREMENT=102 DEFAULT CHARSET=utf8;

-- Volcando datos para la tabla db_fact_quantum.entity_masterdata: ~100 rows (aproximadamente)
/*!40000 ALTER TABLE `entity_masterdata` DISABLE KEYS */;
INSERT INTO `entity_masterdata` (`id`, `code`, `name`, `description`, `field`, `is_active`, `entity_id`, `is_deleted`) VALUES
	(1, '01', 'Sin utilización del Sistema Financiero', 'Sin utilización del Sistema Financiero', NULL, 1, 1, 0),
	(2, '15', 'Compensación de Deudas', 'Compensación de deudas', NULL, 1, 1, 0),
	(3, '16', 'Tarjeta de Débito', 'Tarjeta de Debito', NULL, 1, 1, 0),
	(4, 'CO', 'Colombia', 'Colombia', NULL, 0, 11, 1),
	(5, 'IMAP', 'IMAP', 'IMAP', NULL, 1, 2, 0),
	(6, 'POP', 'POP', 'POP', NULL, 1, 2, 0),
	(7, 'Ninguna', 'Ninguna', 'Ninguna', NULL, 1, 3, 0),
	(8, 'STARTTLS', 'STARTTLS', 'STARTTLS', NULL, 1, 3, 0),
	(9, 'SSL/TLS', 'SSL/TLS', 'SSL/TLS', NULL, 1, 3, 0),
	(10, '1', 'Contraseña normal', 'Contraseña normal', NULL, 1, 4, 0),
	(11, '2', 'Contraseña Cifrada', 'Contraseña Cifrada', NULL, 1, 4, 0),
	(12, '3', 'Kerberos / GSSAPI', 'Kerberos / GSSAPI', NULL, 1, 4, 0),
	(13, 'NTLM', 'NTLM', 'NTLM', NULL, 1, 4, 0),
	(14, 'TLS', 'Certificado TLS', 'Certificado TLS', NULL, 1, 4, 0),
	(15, 'OAuth2', 'OAuth2', 'OAuth2', NULL, 1, 4, 0),
	(17, '04', 'RUC', 'RUC', NULL, 1, 14, 0),
	(18, '05', 'CEDULA', 'CEDULA', NULL, 1, 14, 0),
	(19, '06', 'PASAPORTE', 'PASAPORTE', NULL, 1, 14, 0),
	(20, '07', 'VENTA A CONSUMIDOR FINAL', 'VENTA A CONSUMIDOR FINAL', NULL, 0, 14, 0),
	(21, '08', 'IDENTIFICACION DEL EXTERIOR', 'IDENTIFICACION DEL EXTERIOR', NULL, 0, 14, 0),
	(22, '09', 'PLACA', 'PLACA', NULL, 0, 14, 0),
	(23, '2', 'IVA 12 %', 'IVA 12 %', NULL, 1, 17, 0),
	(24, '0', 'IVA 0%', 'IVA 0%', NULL, 1, 17, 0),
	(25, '3', 'IVA 14%', 'IVA 14%', NULL, 1, 17, 0),
	(26, '6', 'no objeto de impuesto', 'no objeto de impuesto', NULL, 1, 17, 0),
	(27, '7', 'Exento de IVA', 'Exento de IVA', NULL, 1, 17, 0),
	(28, 'EC', 'Ecuador', 'Ecuador', NULL, 1, 11, 0),
	(29, '2', 'IVA', 'IVA', NULL, 1, 9, 0),
	(30, '3', 'ICE', 'ICE', NULL, 1, 9, 0),
	(31, '5', 'IRBPNR', 'IRBPNR', NULL, 1, 9, 0),
	(32, '01', 'Banco A', 'Banco A', NULL, 1, 18, 0),
	(33, '17', 'Dinero Electrónico', 'Dinero Electrónico', NULL, 1, 1, 0),
	(34, '18', 'Tarjeta Prepago', 'Tarjeta Prepago', NULL, 1, 1, 0),
	(35, '19', 'Tarjeta de Crédito', 'Tarjeta de Crédito', NULL, 1, 1, 0),
	(36, '20', 'Otros con utilización Sistema Financiero', 'Otros con Utilización Sistema Financiero', NULL, 1, 1, 0),
	(37, '21', 'Endoso de Titulos', 'Endoso de Titulos', NULL, 1, 1, 0),
	(38, 'DD', 'Dias', 'Dias', NULL, 1, 19, 0),
	(39, 'SE', 'Semanas', 'Semanas', NULL, 1, 19, 0),
	(40, 'ME', 'Meses', 'Meses', NULL, 1, 19, 0),
	(41, 'AN', 'Años', 'Años', NULL, 1, 19, 0),
	(42, '01', 'Factura', 'Factura', NULL, 1, 8, 0),
	(43, '04', 'Nota de Crédito', 'Nota de Crédito', NULL, 1, 8, 0),
	(44, '05', 'Nota de Debito', 'Nota de Debito', NULL, 1, 8, 0),
	(45, '06', 'Guía de Remisión', 'Guía de Remisión', NULL, 1, 8, 0),
	(46, '07', 'Comprobante de Retención', 'Comprobante de Retención', NULL, 1, 8, 0),
	(47, '1', 'Emisión Normal', 'Emisión Normal', NULL, 1, 15, 0),
	(48, '1', 'Prueba', 'Prueba', NULL, 1, 16, 0),
	(49, '2', 'Producción', 'Producción', NULL, 1, 16, 0),
	(50, '1', 'Súper Administrador', 'Rol de súper administrador', NULL, 1, 6, 0),
	(51, '1', 'Facturación', 'Módulo de facturación electrónica', NULL, 1, 7, 0),
	(52, '2', 'MasterData', 'Módulo de MasterData', NULL, 1, 7, 0),
	(53, '3', 'Servidor de Correo', 'Módulo de servidor de correo', NULL, 1, 7, 0),
	(54, '4', 'Compañías', 'Módulo de compañías', NULL, 1, 7, 0),
	(55, '5', 'Sucursales', 'Módulo de sucursales', NULL, 1, 7, 0),
	(56, '6', 'Clientes', 'Módulo de clientes', NULL, 1, 7, 0),
	(57, '7', 'Productos', 'Módulo de productos', NULL, 1, 7, 0),
	(58, '8', 'Impuestos', 'Módulo de impuestos', NULL, 1, 7, 0),
	(59, '9', 'Planes', 'Módulo de planes', NULL, 1, 7, 0),
	(60, '10', 'Planes por compañía', 'Módulo de planes por compañía', NULL, 1, 7, 0),
	(61, '11', 'Usuarios', 'Módulo de usuarios', NULL, 1, 7, 0),
	(62, '12', 'Permisología', 'Módulo de permisología', NULL, 1, 7, 0),
	(63, '1', 'Lectura', 'Permiso de lectura', NULL, 1, 5, 0),
	(64, '2', 'Creación', 'Permiso de creación', NULL, 1, 5, 0),
	(65, '3', 'Edición', 'Permiso de edición', NULL, 1, 5, 0),
	(66, '4', 'Eliminación', 'Permiso de eliminación', NULL, 1, 5, 0),
	(67, '5', 'Envío SRI', 'Permiso de interacción SRI', NULL, 1, 5, 0),
	(68, '2', 'Rol Test', 'Rol Test', NULL, 1, 6, 0),
	(69, '01', 'Factura de Compra', 'Factura de Compra', NULL, 1, 20, 0),
	(70, '02', 'Nota o Boleta de Venta', 'Nota o Boleta de Venta', NULL, 1, 20, 0),
	(71, '03', 'Liquidación de compras de Bienes o Compras de Servicios', 'Liquidación de compras de Bienes o Compras de Servicios', NULL, 1, 20, 0),
	(72, '04', 'Nota de Crédito', 'Nota de Crédito', NULL, 1, 20, 0),
	(73, '05', 'Nota de Debito', 'Nota de Debito', NULL, 1, 20, 0),
	(74, '06', 'Guias de Remisión', 'Guias de Remisión', NULL, 1, 20, 0),
	(75, '08', 'Boletos o Entradas a espectaculos publicos', 'Boletos o Entradas a espectaculos publicos', NULL, 1, 20, 0),
	(76, '09', 'TIQUETES O VALES EMITIDOS POR MÁQUINAS REGISTRADORAS', 'TIQUETES O VALES EMITIDOS POR MÁQUINAS REGISTRADORAS', NULL, 1, 20, 0),
	(77, '11', 'PASAJES EXPEDIDOS POR EMPRESAS DE AVIACIÓN', 'PASAJES EXPEDIDOS POR EMPRESAS DE AVIACIÓN', NULL, 1, 20, 0),
	(78, '12', 'DOCUMENTOS EMITIDOS POR INSTITUCIONES FINANCIERAS', 'DOCUMENTOS EMITIDOS POR INSTITUCIONES FINANCIERAS', NULL, 1, 20, 0),
	(79, '13', 'DOCUMENTOS EMITIDOS POR COMPAÑIAS DE SEGUROS', 'DOCUMENTOS EMITIDOS POR COMPAÑIAS DE SEGUROS', NULL, 1, 20, 0),
	(80, '15', 'COMPROBANTE DE VENTA EMITIDO EN EL EXTERIOR', 'COMPROBANTE DE VENTA EMITIDO EN EL EXTERIOR', NULL, 1, 20, 0),
	(81, '16', 'FORMULARIO ÚNICO DE EXPORTACIÓN (FUE) O DECLARACIÓN ADUANERA ÚNICA (DAU) O DECLARACIÓN ANDINA DE VALOR (DAV)', 'FORMULARIO ÚNICO DE EXPORTACIÓN (FUE) O DECLARACIÓN ADUANERA ÚNICA (DAU) O DECLARACIÓN ANDINA DE VALOR (DAV)', NULL, 1, 20, 0),
	(82, '18', 'DOCUMENTOS AUTORIZADOS UTILIZADOS EN VENTAS EXCEPTO N/C N/D', 'DOCUMENTOS AUTORIZADOS UTILIZADOS EN VENTAS EXCEPTO N/C N/D', NULL, 1, 20, 0),
	(83, '19', 'COMPROBANTES DE PAGO DE CUOTAS O APORTES', 'COMPROBANTES DE PAGO DE CUOTAS O APORTES', NULL, 1, 20, 0),
	(84, '20', 'DOCUMENTOS POR SERVICIOS ADMINISTRATIVOS EMITIDOS POR\r\n INST. DEL ESTADO', 'DOCUMENTOS POR SERVICIOS ADMINISTRATIVOS EMITIDOS POR', NULL, 1, 20, 0),
	(85, '21', 'CARTA DE PORTE AÉREO', 'CARTA DE PORTE AÉREO', NULL, 1, 20, 0),
	(86, '22', 'RECAP', 'RECAP', NULL, 1, 20, 0),
	(87, '23', 'NOTA DE CRÉDITO TC', 'NOTA DE CRÉDITO TC', NULL, 1, 20, 0),
	(88, '24', 'NOTA DE DÉBITO TC', 'NOTA DE DÉBITO TC', NULL, 1, 20, 0),
	(89, '41', 'COMPROBANTE DE VENTA EMITIDO POR REEMBOLSO', 'COMPROBANTE DE VENTA EMITIDO POR REEMBOLSO', NULL, 1, 20, 0),
	(90, '42', 'DOCUMENTO AGENTE DE RETENCIÓN PRESUNTIVA', 'DOCUMENTO AGENTE DE RETENCIÓN PRESUNTIVA', NULL, 1, 20, 0),
	(91, '43', 'LIQUIDACION PARA EXPLOTACION Y EXPLORACION DE\r\n HIDROCARBUROS', 'LIQUIDACION PARA EXPLOTACION Y EXPLORACION DE', NULL, 1, 20, 0),
	(92, '44', 'COMPROBANTE DE CONTRIBUCIONES Y APORTES', 'COMPROBANTE DE CONTRIBUCIONES Y APORTES', NULL, 1, 20, 0),
	(93, '45', 'LIQUIDACIÓN POR RECLAMOS DE ASEGURADORAS', 'LIQUIDACIÓN POR RECLAMOS DE ASEGURADORAS', NULL, 1, 20, 0),
	(94, '47', 'NOTA DE CRÉDITO POR REEMBOLSO EMITIDA POR INTERMEDIARIO', 'NOTA DE CRÉDITO POR REEMBOLSO EMITIDA POR INTERMEDIARIO', NULL, 1, 20, 0),
	(95, '48', 'NOTA DE DÉBITO POR REEMBOLSO EMITIDA POR INTERMEDIARIO', 'NOTA DE DÉBITO POR REEMBOLSO EMITIDA POR INTERMEDIARIO', NULL, 1, 20, 0),
	(96, '49', 'PROVEEDOR DIRECTO DE EXPORTADOR BAJO RÉGIMEN ESPECIAL', 'PROVEEDOR DIRECTO DE EXPORTADOR BAJO RÉGIMEN ESPECIAL', NULL, 1, 20, 0),
	(97, '50', 'A INST. ESTADO Y EMPR. PÚBLICAS QUE PERCIBE INGRESO EXENTO DE IMP. RENTA', 'A INST. ESTADO Y EMPR. PÚBLICAS QUE PERCIBE INGRESO EXENTO DE IMP. RENTA', NULL, 1, 20, 0),
	(98, '51', 'N/C A INST. ESTADO Y EMPR. PÚBLICAS QUE PERCIBE INGRESO EXENTO DE IMP. RENTA', 'N/C A INST. ESTADO Y EMPR. PÚBLICAS QUE PERCIBE INGRESO EXENTO DE IMP. RENTA', NULL, 1, 20, 0),
	(99, '52', 'N/D A INST. ESTADO Y EMPR. PÚBLICAS QUE PERCIBE INGRESO EXENTO DE IMP. RENTA', 'N/D A INST. ESTADO Y EMPR. PÚBLICAS QUE PERCIBE INGRESO EXENTO DE IMP. RENTA', NULL, 1, 20, 0),
	(100, '294', 'LIQUIDACIÓN DE COMPRA DE BIENES MUEBLES USADOS', 'LIQUIDACIÓN DE COMPRA DE BIENES MUEBLES USADOS', NULL, 1, 20, 0),
	(101, '344', 'LIQUIDACIÓN DE COMPRA DE VEHÍCULOS USADOS', 'LIQUIDACIÓN DE COMPRA DE VEHÍCULOS USADOS', NULL, 1, 20, 0);
/*!40000 ALTER TABLE `entity_masterdata` ENABLE KEYS */;

-- Volcando estructura para tabla db_fact_quantum.guide
CREATE TABLE IF NOT EXISTS `guide` (
  `id` int(11) NOT NULL AUTO_INCREMENT,
  `name` varchar(180) DEFAULT NULL,
  `principal_code` int(10) DEFAULT NULL,
  `description` varchar(255) DEFAULT NULL,
  `company_id` int(11) NOT NULL,
  PRIMARY KEY (`id`),
  KEY `fk_guide_company1_idx` (`company_id`),
  CONSTRAINT `fk_guide_company1` FOREIGN KEY (`company_id`) REFERENCES `company` (`id`) ON DELETE NO ACTION ON UPDATE NO ACTION
) ENGINE=InnoDB DEFAULT CHARSET=utf8;

-- Volcando datos para la tabla db_fact_quantum.guide: ~0 rows (aproximadamente)
/*!40000 ALTER TABLE `guide` DISABLE KEYS */;
/*!40000 ALTER TABLE `guide` ENABLE KEYS */;

-- Volcando estructura para tabla db_fact_quantum.guide_product
CREATE TABLE IF NOT EXISTS `guide_product` (
  `id` int(11) NOT NULL AUTO_INCREMENT,
  `guide_id` int(11) NOT NULL,
  `product_id` int(11) NOT NULL,
  PRIMARY KEY (`id`),
  KEY `fk_guide_product_guide1_idx` (`guide_id`),
  KEY `fk_guide_product_product1_idx` (`product_id`),
  CONSTRAINT `fk_guide_product_guide1` FOREIGN KEY (`guide_id`) REFERENCES `guide` (`id`) ON DELETE NO ACTION ON UPDATE NO ACTION,
  CONSTRAINT `fk_guide_product_product1` FOREIGN KEY (`product_id`) REFERENCES `product` (`id`) ON DELETE NO ACTION ON UPDATE NO ACTION
) ENGINE=InnoDB DEFAULT CHARSET=utf8;

-- Volcando datos para la tabla db_fact_quantum.guide_product: ~0 rows (aproximadamente)
/*!40000 ALTER TABLE `guide_product` DISABLE KEYS */;
/*!40000 ALTER TABLE `guide_product` ENABLE KEYS */;

-- Volcando estructura para tabla db_fact_quantum.invoice
CREATE TABLE IF NOT EXISTS `invoice` (
  `id` int(11) NOT NULL AUTO_INCREMENT,
  `principal_code` varchar(9) NOT NULL,
  `invoice_date` date NOT NULL,
  `concept` varchar(255) DEFAULT NULL,
  `referral_code` varchar(15) DEFAULT NULL,
  `total_discount` decimal(15,2) DEFAULT NULL,
  `total_ice` decimal(15,2) DEFAULT NULL,
  `total_iva` decimal(15,2) DEFAULT NULL,
  `total_invoice` decimal(15,2) DEFAULT NULL,
  `tip` decimal(5,2) DEFAULT NULL,
  `solidarity_discount` decimal(5,2) DEFAULT NULL,
  `xml_generated` blob,
  `auth_code` varchar(49) NOT NULL,
  `auth_date` datetime DEFAULT NULL,
  `emission_type` tinyint(1) NOT NULL,
  `environment_type` tinyint(1) NOT NULL,
  `status` varchar(1) NOT NULL,
  `branch_office_id` int(11) NOT NULL,
  `company_id` int(11) NOT NULL,
  `client_id` int(11) NOT NULL,
  `is_deleted` tinyint(1) unsigned zerofill DEFAULT '0',
  PRIMARY KEY (`id`),
  KEY `fk_invoice_branch_office1_idx` (`branch_office_id`),
  KEY `fk_invoice_company1_idx` (`company_id`),
  KEY `fk_invoice_client1_idx` (`client_id`),
  CONSTRAINT `fk_invoice_branch_office1` FOREIGN KEY (`branch_office_id`) REFERENCES `branch_office` (`id`) ON DELETE NO ACTION ON UPDATE NO ACTION,
  CONSTRAINT `fk_invoice_client1` FOREIGN KEY (`client_id`) REFERENCES `client` (`id`) ON DELETE NO ACTION ON UPDATE NO ACTION,
  CONSTRAINT `fk_invoice_company1` FOREIGN KEY (`company_id`) REFERENCES `company` (`id`) ON DELETE NO ACTION ON UPDATE NO ACTION
) ENGINE=InnoDB AUTO_INCREMENT=3 DEFAULT CHARSET=utf8;

-- Volcando datos para la tabla db_fact_quantum.invoice: ~0 rows (aproximadamente)
/*!40000 ALTER TABLE `invoice` DISABLE KEYS */;
INSERT INTO `invoice` (`id`, `principal_code`, `invoice_date`, `concept`, `referral_code`, `total_discount`, `total_ice`, `total_iva`, `total_invoice`, `tip`, `solidarity_discount`, `xml_generated`, `auth_code`, `auth_date`, `emission_type`, `environment_type`, `status`, `branch_office_id`, `company_id`, `client_id`, `is_deleted`) VALUES
	(1, '000000000', '2018-04-24', NULL, '001001000000000', 0.00, 0.00, 0.00, 0.00, 10.00, 2.00, NULL, '2404201801123456789012310010010000000000007383811', NULL, 1, 1, 'P', 1, 1, 5, 0),
	(2, '000000001', '2018-04-25', NULL, '001001000000001', 0.00, 0.00, 126.00, 1176.00, 10.00, 2.00, NULL, '2504201801123456789012310010010000000010006407911', NULL, 1, 1, 'P', 1, 1, 6, 0);
/*!40000 ALTER TABLE `invoice` ENABLE KEYS */;

-- Volcando estructura para tabla db_fact_quantum.invoice_line
CREATE TABLE IF NOT EXISTS `invoice_line` (
  `id` int(11) NOT NULL AUTO_INCREMENT,
  `quantity` decimal(15,6) NOT NULL,
  `unit_price` decimal(15,6) NOT NULL,
  `discount` decimal(15,2) DEFAULT NULL,
  `invoice_id` int(11) NOT NULL,
  `product_id` int(11) NOT NULL,
  `country_tax_id` int(11) NOT NULL,
  PRIMARY KEY (`id`),
  KEY `fk_invoice_line_invoice1_idx` (`invoice_id`),
  KEY `fk_invoice_line_product1_idx` (`product_id`),
  KEY `FK_invoice_line_country_tax` (`country_tax_id`),
  CONSTRAINT `FK_invoice_line_country_tax` FOREIGN KEY (`country_tax_id`) REFERENCES `country_tax` (`id`),
  CONSTRAINT `fk_invoice_line_invoice1` FOREIGN KEY (`invoice_id`) REFERENCES `invoice` (`id`) ON DELETE NO ACTION ON UPDATE NO ACTION,
  CONSTRAINT `fk_invoice_line_product1` FOREIGN KEY (`product_id`) REFERENCES `product` (`id`) ON DELETE NO ACTION ON UPDATE NO ACTION
) ENGINE=InnoDB AUTO_INCREMENT=4 DEFAULT CHARSET=utf8;

-- Volcando datos para la tabla db_fact_quantum.invoice_line: ~2 rows (aproximadamente)
/*!40000 ALTER TABLE `invoice_line` DISABLE KEYS */;
INSERT INTO `invoice_line` (`id`, `quantity`, `unit_price`, `discount`, `invoice_id`, `product_id`, `country_tax_id`) VALUES
	(1, 10.000000, 60.000000, 0.00, 1, 1, 2),
	(2, 20.000000, 70.000000, 0.00, 1, 2, 2),
	(3, 15.000000, 70.000000, 0.00, 2, 2, 2);
/*!40000 ALTER TABLE `invoice_line` ENABLE KEYS */;

-- Volcando estructura para tabla db_fact_quantum.invoice_payment
CREATE TABLE IF NOT EXISTS `invoice_payment` (
  `id` int(11) NOT NULL AUTO_INCREMENT,
  `document_number` varchar(20) DEFAULT NULL,
  `mount` decimal(15,2) NOT NULL,
  `time_limit` int(3) DEFAULT NULL,
  `unit_time_id` int(11) DEFAULT NULL,
  `invoice_id` int(11) NOT NULL,
  `payment_type_id` int(11) NOT NULL,
  `bank_id` int(11) DEFAULT NULL,
  PRIMARY KEY (`id`),
  KEY `fk_invoice_paiment_invoice1_idx` (`invoice_id`),
  KEY `fk_invoice_paiment_entity_masterdata1_idx` (`payment_type_id`),
  KEY `fk_invoice_paiment_entity_masterdata2_idx` (`bank_id`),
  KEY `FK_invoice_payment_time_unit` (`unit_time_id`),
  CONSTRAINT `FK_invoice_payment_time_unit` FOREIGN KEY (`unit_time_id`) REFERENCES `entity_masterdata` (`id`),
  CONSTRAINT `fk_invoice_paiment_entity_masterdata1` FOREIGN KEY (`payment_type_id`) REFERENCES `entity_masterdata` (`id`) ON DELETE NO ACTION ON UPDATE NO ACTION,
  CONSTRAINT `fk_invoice_paiment_entity_masterdata2` FOREIGN KEY (`bank_id`) REFERENCES `entity_masterdata` (`id`) ON DELETE NO ACTION ON UPDATE NO ACTION,
  CONSTRAINT `fk_invoice_paiment_invoice1` FOREIGN KEY (`invoice_id`) REFERENCES `invoice` (`id`) ON DELETE NO ACTION ON UPDATE NO ACTION
) ENGINE=InnoDB DEFAULT CHARSET=utf8;

-- Volcando datos para la tabla db_fact_quantum.invoice_payment: ~0 rows (aproximadamente)
/*!40000 ALTER TABLE `invoice_payment` DISABLE KEYS */;
/*!40000 ALTER TABLE `invoice_payment` ENABLE KEYS */;

-- Volcando estructura para tabla db_fact_quantum.invoice_tax
CREATE TABLE IF NOT EXISTS `invoice_tax` (
  `id` int(11) NOT NULL AUTO_INCREMENT,
  `invoice_id` int(11) NOT NULL,
  `country_tax_id` int(11) NOT NULL,
  `subtotal` decimal(15,2) NOT NULL,
  `subtotal_tax` decimal(15,2) DEFAULT NULL,
  PRIMARY KEY (`id`),
  KEY `FK_invoice_tax_invoice` (`invoice_id`),
  KEY `FK_invoice_tax_country_tax` (`country_tax_id`),
  CONSTRAINT `FK_invoice_tax_country_tax` FOREIGN KEY (`country_tax_id`) REFERENCES `country_tax` (`id`),
  CONSTRAINT `FK_invoice_tax_invoice` FOREIGN KEY (`invoice_id`) REFERENCES `invoice` (`id`)
) ENGINE=InnoDB AUTO_INCREMENT=3 DEFAULT CHARSET=utf8;

-- Volcando datos para la tabla db_fact_quantum.invoice_tax: ~0 rows (aproximadamente)
/*!40000 ALTER TABLE `invoice_tax` DISABLE KEYS */;
INSERT INTO `invoice_tax` (`id`, `invoice_id`, `country_tax_id`, `subtotal`, `subtotal_tax`) VALUES
	(1, 1, 2, 2000.00, 240.00),
	(2, 2, 2, 1050.00, 126.00);
/*!40000 ALTER TABLE `invoice_tax` ENABLE KEYS */;

-- Volcando estructura para tabla db_fact_quantum.mail_configuration
CREATE TABLE IF NOT EXISTS `mail_configuration` (
  `id` int(11) NOT NULL AUTO_INCREMENT,
  `company_id` int(11) NOT NULL,
  `subject` varchar(255) DEFAULT NULL,
  `body` varchar(255) DEFAULT NULL,
  `legend` varchar(255) DEFAULT NULL,
  `host_server` varchar(60) NOT NULL,
  `port` int(5) NOT NULL,
  `user` varchar(50) NOT NULL,
  `password` varchar(100) NOT NULL,
  `server_type_id` int(11) NOT NULL,
  `security_type_id` int(11) NOT NULL,
  `identification_type_id` int(11) DEFAULT NULL,
  `is_active` tinyint(1) NOT NULL,
  `is_deleted` tinyint(1) unsigned zerofill DEFAULT '0',
  PRIMARY KEY (`id`),
  KEY `fk_mail_configuration_entity_masterdata3_idx` (`server_type_id`),
  KEY `fk_mail_configuration_entity_masterdata4_idx` (`security_type_id`),
  KEY `FK_mail_configuration_company` (`company_id`),
  CONSTRAINT `FK_mail_configuration_company` FOREIGN KEY (`company_id`) REFERENCES `company` (`id`),
  CONSTRAINT `fk_mail_configuration_entity_masterdata3` FOREIGN KEY (`server_type_id`) REFERENCES `entity_masterdata` (`id`) ON DELETE NO ACTION ON UPDATE NO ACTION,
  CONSTRAINT `fk_mail_configuration_entity_masterdata4` FOREIGN KEY (`security_type_id`) REFERENCES `entity_masterdata` (`id`) ON DELETE NO ACTION ON UPDATE NO ACTION
) ENGINE=InnoDB AUTO_INCREMENT=2 DEFAULT CHARSET=utf8;

-- Volcando datos para la tabla db_fact_quantum.mail_configuration: ~1 rows (aproximadamente)
/*!40000 ALTER TABLE `mail_configuration` DISABLE KEYS */;
INSERT INTO `mail_configuration` (`id`, `company_id`, `subject`, `body`, `legend`, `host_server`, `port`, `user`, `password`, `server_type_id`, `security_type_id`, `identification_type_id`, `is_active`, `is_deleted`) VALUES
	(1, 1, NULL, NULL, NULL, 'ddasda', 993, 'asdas', 'asdasda', 5, 9, 15, 1, 0);
/*!40000 ALTER TABLE `mail_configuration` ENABLE KEYS */;

-- Volcando estructura para tabla db_fact_quantum.plan
CREATE TABLE IF NOT EXISTS `plan` (
  `id` int(11) NOT NULL AUTO_INCREMENT,
  `name` varchar(180) NOT NULL,
  `document_count` int(11) NOT NULL,
  `duration` int(11) NOT NULL,
  `price` decimal(15,4) NOT NULL,
  `is_active` tinyint(1) NOT NULL,
  `is_deleted` tinyint(1) unsigned zerofill DEFAULT '0',
  PRIMARY KEY (`id`)
) ENGINE=InnoDB AUTO_INCREMENT=13 DEFAULT CHARSET=utf8;

-- Volcando datos para la tabla db_fact_quantum.plan: ~11 rows (aproximadamente)
/*!40000 ALTER TABLE `plan` DISABLE KEYS */;
INSERT INTO `plan` (`id`, `name`, `document_count`, `duration`, `price`, `is_active`, `is_deleted`) VALUES
	(1, 'Plan A', 1500, 890, 150.0000, 0, 0),
	(2, 'Plan B', 2000, 250, 250.0000, 0, 0),
	(3, 'Plan C', 1500, 150, 500.0000, 1, 0),
	(4, 'Plan C', 1500, 150, 500.0000, 1, 0),
	(5, 'Plan D', 150, 200, 150.0000, 1, 0),
	(6, 'Plan F', 150, 200, 150.0000, 1, 0),
	(7, 'Plan G', 1500, 150, 300.0000, 1, 0),
	(8, 'Plan H', 1500, 150, 300.0000, 1, 0),
	(9, 'Plan I', 233, 12, 123.0000, 1, 0),
	(10, 'Plan B', 1500, 88, 150.0000, 1, 0),
	(11, 'Plan 11', 1500, 888, 150.0000, 0, 1),
	(12, 'Plan AA', 1234, 355, 1567.0000, 1, NULL);
/*!40000 ALTER TABLE `plan` ENABLE KEYS */;

-- Volcando estructura para tabla db_fact_quantum.product
CREATE TABLE IF NOT EXISTS `product` (
  `id` int(11) NOT NULL AUTO_INCREMENT,
  `name` varchar(180) NOT NULL,
  `principal_code` varchar(50) NOT NULL,
  `auxiliary_code` varchar(50) DEFAULT NULL,
  `description` varchar(255) DEFAULT NULL,
  `unit_price` decimal(15,6) NOT NULL,
  `unit_cost` decimal(15,2) DEFAULT NULL,
  `is_purchase_active` tinyint(1) NOT NULL,
  `is_sale_active` tinyint(1) NOT NULL,
  `min_stock` decimal(15,6) NOT NULL,
  `max_stock` decimal(15,6) DEFAULT NULL,
  `company_id` int(11) NOT NULL,
  `is_active` tinyint(1) NOT NULL,
  `is_deleted` tinyint(1) unsigned zerofill DEFAULT '0',
  PRIMARY KEY (`id`),
  KEY `fk_product_company1_idx` (`company_id`),
  CONSTRAINT `fk_product_company1` FOREIGN KEY (`company_id`) REFERENCES `company` (`id`) ON DELETE NO ACTION ON UPDATE NO ACTION
) ENGINE=InnoDB AUTO_INCREMENT=49 DEFAULT CHARSET=utf8;

-- Volcando datos para la tabla db_fact_quantum.product: ~29 rows (aproximadamente)
/*!40000 ALTER TABLE `product` DISABLE KEYS */;
INSERT INTO `product` (`id`, `name`, `principal_code`, `auxiliary_code`, `description`, `unit_price`, `unit_cost`, `is_purchase_active`, `is_sale_active`, `min_stock`, `max_stock`, `company_id`, `is_active`, `is_deleted`) VALUES
	(1, 'Producto A', '123456789-0', NULL, 'Descripcion Producto A', 60.000000, 50.00, 1, 1, 100.000000, 150.000000, 1, 1, 0),
	(2, 'Producto B', '123456789-1', NULL, 'Producto B', 0.300000, 0.10, 1, 0, 100.000000, 50.000000, 1, 1, 0),
	(3, 'Producto C', '123456789-2', NULL, 'Producto C', 80.000000, 50.00, 1, 1, 100.000000, 150.000000, 1, 1, 0),
	(4, 'Plan hosting', '05', NULL, 'Hosting plan basico', 60.000000, 60.00, 1, 1, 1.000000, 150.000000, 1, 0, 1),
	(24, 'Producto X', '123456789-0', '123456', 'Producto X', 100.000000, 50.00, 1, 1, 1.000000, 2.000000, 1, 1, 0),
	(25, 'Producto Z', '123456789-0', '123456', 'Producto Z', 125.000000, 100.00, 1, 1, 1.000000, 2.000000, 1, 1, 0),
	(26, 'Producto A1', '10000010', '10000010', 'Description A1', 30.000000, 10.00, 1, 1, 10.000000, 10.000000, 1, 1, 0),
	(27, 'Producto A2', '10000011', '10000011', 'Description A2', 20.000000, 11.00, 0, 1, 5.000000, 5.000000, 1, 1, 0),
	(28, 'Producto A3', '10000012', '10000012', 'Description A3', 25.000000, 12.00, 1, 1, 10.000000, 10.000000, 1, 1, 0),
	(29, 'Producto A4', '10000013', '10000013', 'Description A4', 26.000000, 13.00, 0, 1, 11.000000, 11.000000, 1, 1, 0),
	(30, 'Producto A5', '10000014', '10000014', 'Description A5', 27.000000, 14.00, 1, 1, 12.000000, 12.000000, 1, 1, 0),
	(31, 'Producto A6', '10000015', '10000015', 'Description A6', 28.000000, 15.00, 0, 1, 13.000000, 13.000000, 1, 1, 0),
	(32, 'Producto A7', '10000016', '10000016', 'Description A7', 29.000000, 16.00, 0, 1, 14.000000, 14.000000, 1, 1, 0),
	(33, 'Producto A8', '10000017', '10000017', 'Description A8', 30.000000, 17.00, 0, 1, 15.000000, 15.000000, 1, 1, 0),
	(34, 'Producto A9', '10000018', '10000018', 'Description A9', 31.000000, 18.00, 1, 1, 16.000000, 16.000000, 1, 1, 0),
	(35, 'Producto A10', '10000019', '10000019', 'Description A10', 32.000000, 19.00, 1, 1, 17.000000, 17.000000, 1, 1, 0),
	(36, 'Producto B1', '10000020', '10000020', 'Description B1', 33.000000, 20.00, 1, 0, 18.000000, 18.000000, 1, 1, 0),
	(37, 'Producto B2', '10000021', '10000021', 'Description B2', 34.000000, 21.00, 1, 0, 19.000000, 19.000000, 1, 1, 0),
	(38, 'Producto B3', '10000022', '10000022', 'Description B3', 35.000000, 22.00, 1, 0, 20.000000, 20.000000, 1, 1, 0),
	(39, 'Producto B4', '10000023', '10000023', 'Description B4', 36.000000, 23.00, 1, 0, 21.000000, 21.000000, 1, 1, 0),
	(40, 'Producto B5', '10000024', '10000024', 'Description B5', 37.000000, 24.00, 1, 0, 22.000000, 22.000000, 1, 1, 0),
	(41, 'Producto B6', '10000025', '10000025', 'Description B6', 38.000000, 25.00, 1, 0, 23.000000, 23.000000, 1, 1, 0),
	(42, 'Producto B7', '10000026', '10000026', 'Description B7', 39.000000, 26.00, 1, 0, 24.000000, 24.000000, 1, 1, 0),
	(43, 'Producto B8', '10000027', '10000027', 'Description B8', 40.000000, 27.00, 0, 0, 25.000000, 25.000000, 1, 1, 0),
	(44, 'Producto B9', '10000028', '10000028', 'Description B9', 41.000000, 28.00, 0, 0, 26.000000, 26.000000, 1, 1, 0),
	(45, 'Producto B10', '10000029', '10000029', 'Description B10', 42.000000, 29.00, 0, 0, 27.000000, 27.000000, 1, 1, 0),
	(46, 'Producto XX', '011111', '01010101', 'Producto XX', 560.000000, 125.00, 1, 0, 120.000000, 150.000000, 1, 1, 0),
	(47, 'Product YY', '121212', '12233', 'Product YY', 100.000000, 50.00, 1, 0, 100.000000, 200.000000, 1, 1, 0),
	(48, 'Producto ZZ', '12121', '121212', 'Producto ZZ', 100.000000, 50.00, 1, 0, 100.000000, 200.000000, 1, 1, 0);
/*!40000 ALTER TABLE `product` ENABLE KEYS */;

-- Volcando estructura para tabla db_fact_quantum.product_tax
CREATE TABLE IF NOT EXISTS `product_tax` (
  `id` int(11) NOT NULL AUTO_INCREMENT,
  `product_id` int(11) NOT NULL,
  `country_tax_id` int(11) NOT NULL,
  `is_default` tinyint(1) NOT NULL,
  PRIMARY KEY (`id`),
  UNIQUE KEY `product_id` (`product_id`,`country_tax_id`),
  KEY `fk_product_tax_product1_idx` (`product_id`),
  KEY `fk_product_tax_country_tax1_idx` (`country_tax_id`),
  CONSTRAINT `fk_product_tax_country_tax1` FOREIGN KEY (`country_tax_id`) REFERENCES `country_tax` (`id`) ON DELETE NO ACTION ON UPDATE NO ACTION,
  CONSTRAINT `fk_product_tax_product1` FOREIGN KEY (`product_id`) REFERENCES `product` (`id`) ON DELETE NO ACTION ON UPDATE NO ACTION
) ENGINE=InnoDB AUTO_INCREMENT=23 DEFAULT CHARSET=utf8;

-- Volcando datos para la tabla db_fact_quantum.product_tax: ~11 rows (aproximadamente)
/*!40000 ALTER TABLE `product_tax` DISABLE KEYS */;
INSERT INTO `product_tax` (`id`, `product_id`, `country_tax_id`, `is_default`) VALUES
	(1, 4, 2, 1),
	(2, 3, 3, 1),
	(3, 2, 2, 1),
	(4, 1, 1, 0),
	(9, 25, 2, 1),
	(10, 25, 3, 0),
	(16, 24, 3, 1),
	(17, 46, 2, 0),
	(19, 1, 3, 0),
	(20, 1, 2, 1),
	(21, 48, 1, 0),
	(22, 48, 2, 1);
/*!40000 ALTER TABLE `product_tax` ENABLE KEYS */;

-- Volcando estructura para tabla db_fact_quantum.role_module_permission
CREATE TABLE IF NOT EXISTS `role_module_permission` (
  `id` int(11) NOT NULL AUTO_INCREMENT,
  `role_id` int(11) NOT NULL,
  `module_id` int(11) NOT NULL,
  `permission_id` int(11) NOT NULL,
  `is_active` tinyint(1) DEFAULT NULL,
  `is_deleted` tinyint(1) DEFAULT '0',
  PRIMARY KEY (`id`),
  KEY `fk_role_module_permission_entity_masterdata1_idx` (`role_id`),
  KEY `fk_role_module_permission_entity_masterdata2_idx` (`module_id`),
  KEY `fk_role_module_permission_entity_masterdata3_idx` (`permission_id`),
  CONSTRAINT `fk_role_module_permission_entity_masterdata1` FOREIGN KEY (`role_id`) REFERENCES `entity_masterdata` (`id`) ON DELETE NO ACTION ON UPDATE NO ACTION,
  CONSTRAINT `fk_role_module_permission_entity_masterdata2` FOREIGN KEY (`module_id`) REFERENCES `entity_masterdata` (`id`) ON DELETE NO ACTION ON UPDATE NO ACTION,
  CONSTRAINT `fk_role_module_permission_entity_masterdata3` FOREIGN KEY (`permission_id`) REFERENCES `entity_masterdata` (`id`) ON DELETE NO ACTION ON UPDATE NO ACTION
) ENGINE=InnoDB AUTO_INCREMENT=130 DEFAULT CHARSET=utf8;

-- Volcando datos para la tabla db_fact_quantum.role_module_permission: ~44 rows (aproximadamente)
/*!40000 ALTER TABLE `role_module_permission` DISABLE KEYS */;
INSERT INTO `role_module_permission` (`id`, `role_id`, `module_id`, `permission_id`, `is_active`, `is_deleted`) VALUES
	(86, 50, 51, 63, 1, 0),
	(87, 50, 51, 64, 1, 0),
	(88, 50, 51, 65, 1, 0),
	(89, 50, 51, 66, 1, 0),
	(90, 50, 51, 67, 1, 0),
	(91, 50, 52, 63, 1, 0),
	(92, 50, 52, 64, 1, 0),
	(93, 50, 52, 65, 1, 0),
	(94, 50, 52, 66, 1, 0),
	(95, 50, 52, 67, 1, 0),
	(96, 50, 54, 63, 1, 0),
	(97, 50, 54, 64, 1, 0),
	(98, 50, 54, 65, 1, 0),
	(99, 50, 54, 66, 1, 0),
	(100, 50, 54, 67, 1, 0),
	(101, 50, 55, 63, 1, 0),
	(102, 50, 55, 64, 1, 0),
	(103, 50, 55, 65, 1, 0),
	(104, 50, 55, 66, 1, 0),
	(105, 50, 55, 67, 1, 0),
	(106, 50, 57, 63, 1, 0),
	(107, 50, 57, 64, 1, 0),
	(108, 50, 57, 65, 1, 0),
	(109, 50, 57, 66, 1, 0),
	(110, 50, 57, 67, 1, 0),
	(111, 50, 58, 63, 1, 0),
	(112, 50, 58, 64, 1, 0),
	(113, 50, 58, 65, 1, 0),
	(114, 50, 58, 66, 1, 0),
	(115, 50, 58, 67, 1, 0),
	(116, 50, 60, 63, 1, 0),
	(117, 50, 60, 64, 1, 0),
	(118, 50, 60, 65, 1, 0),
	(119, 50, 60, 66, 1, 0),
	(120, 50, 60, 67, 1, 0),
	(121, 50, 61, 63, 1, 0),
	(122, 50, 61, 64, 1, 0),
	(123, 50, 61, 65, 1, 0),
	(124, 50, 61, 66, 1, 0),
	(125, 50, 61, 67, 1, 0),
	(126, 50, 62, 63, 1, 0),
	(127, 50, 62, 64, 1, 0),
	(128, 50, 62, 65, 1, 0),
	(129, 50, 62, 66, 1, 0);
/*!40000 ALTER TABLE `role_module_permission` ENABLE KEYS */;

-- Volcando estructura para tabla db_fact_quantum.supplier
CREATE TABLE IF NOT EXISTS `supplier` (
  `id` int(11) NOT NULL AUTO_INCREMENT,
  `identification_type_id` int(11) NOT NULL,
  `identification_number` varchar(13) NOT NULL,
  `social_reason` varchar(255) NOT NULL,
  `comercial_name` varchar(255) DEFAULT NULL,
  `phone` varchar(80) DEFAULT NULL,
  `address` varchar(255) NOT NULL,
  `email` varchar(80) DEFAULT NULL,
  `company_id` int(11) NOT NULL,
  `tax_period` varchar(6) NOT NULL,
  `is_active` tinyint(1) NOT NULL,
  `is_deleted` tinyint(1) DEFAULT '0',
  PRIMARY KEY (`id`),
  KEY `fk_company_supplier_idx` (`company_id`),
  KEY `fk_identification_supplier_idx` (`identification_type_id`),
  CONSTRAINT `fk_company_supplier` FOREIGN KEY (`company_id`) REFERENCES `company` (`id`) ON DELETE NO ACTION ON UPDATE NO ACTION,
  CONSTRAINT `fk_identification_supplier` FOREIGN KEY (`identification_type_id`) REFERENCES `entity_masterdata` (`id`) ON DELETE NO ACTION ON UPDATE NO ACTION
) ENGINE=InnoDB DEFAULT CHARSET=utf8;

-- Volcando datos para la tabla db_fact_quantum.supplier: ~0 rows (aproximadamente)
/*!40000 ALTER TABLE `supplier` DISABLE KEYS */;
/*!40000 ALTER TABLE `supplier` ENABLE KEYS */;

-- Volcando estructura para tabla db_fact_quantum.system_configuration
CREATE TABLE IF NOT EXISTS `system_configuration` (
  `id` int(11) NOT NULL AUTO_INCREMENT,
  `name` varchar(180) NOT NULL,
  `description` varchar(255) NOT NULL,
  `value` int(11) NOT NULL,
  PRIMARY KEY (`id`)
) ENGINE=InnoDB DEFAULT CHARSET=utf8;

-- Volcando datos para la tabla db_fact_quantum.system_configuration: ~0 rows (aproximadamente)
/*!40000 ALTER TABLE `system_configuration` DISABLE KEYS */;
/*!40000 ALTER TABLE `system_configuration` ENABLE KEYS */;

-- Volcando estructura para tabla db_fact_quantum.tax_document
CREATE TABLE IF NOT EXISTS `tax_document` (
  `id` int(11) NOT NULL AUTO_INCREMENT,
  `referral_code` varchar(15) NOT NULL,
  `emission_date` date NOT NULL,
  `amount` decimal(15,2) NOT NULL,
  `concept` varchar(255) DEFAULT NULL,
  `xml_generated` blob,
  `auth_code` varchar(49) NOT NULL,
  `auth_date` datetime DEFAULT NULL,
  `emission_type` int(11) NOT NULL,
  `environment_type` int(11) NOT NULL,
  `invoice_id` int(11) DEFAULT NULL,
  `document_type_id` int(11) NOT NULL,
  `company_id` int(11) DEFAULT NULL,
  `supplier_id` int(11) DEFAULT NULL,
  `is_processed` tinyint(1) NOT NULL DEFAULT '0',
  `is_deleted` tinyint(1) DEFAULT '0',
  PRIMARY KEY (`id`),
  KEY `fk_tax_document_invoice1_idx` (`invoice_id`),
  KEY `fk_tax_document_entity_masterdata1_idx` (`document_type_id`),
  KEY `fk_emission_type_idx` (`emission_type`),
  KEY `fk_environment_type_idx` (`environment_type`),
  KEY `fk_supplier_idx` (`supplier_id`),
  KEY `fk_company_idx` (`company_id`),
  CONSTRAINT `fk_company` FOREIGN KEY (`company_id`) REFERENCES `company` (`id`) ON DELETE NO ACTION ON UPDATE NO ACTION,
  CONSTRAINT `fk_emission_type` FOREIGN KEY (`emission_type`) REFERENCES `entity_masterdata` (`id`) ON DELETE NO ACTION ON UPDATE NO ACTION,
  CONSTRAINT `fk_environment_type` FOREIGN KEY (`environment_type`) REFERENCES `entity_masterdata` (`id`) ON DELETE NO ACTION ON UPDATE NO ACTION,
  CONSTRAINT `fk_supplier` FOREIGN KEY (`supplier_id`) REFERENCES `supplier` (`id`) ON DELETE NO ACTION ON UPDATE NO ACTION,
  CONSTRAINT `fk_tax_document_entity_masterdata1` FOREIGN KEY (`document_type_id`) REFERENCES `entity_masterdata` (`id`) ON DELETE NO ACTION ON UPDATE NO ACTION,
  CONSTRAINT `fk_tax_document_invoice1` FOREIGN KEY (`invoice_id`) REFERENCES `invoice` (`id`) ON DELETE NO ACTION ON UPDATE NO ACTION
) ENGINE=InnoDB DEFAULT CHARSET=utf8;

-- Volcando datos para la tabla db_fact_quantum.tax_document: ~0 rows (aproximadamente)
/*!40000 ALTER TABLE `tax_document` DISABLE KEYS */;
/*!40000 ALTER TABLE `tax_document` ENABLE KEYS */;

-- Volcando estructura para tabla db_fact_quantum.tax_document_line
CREATE TABLE IF NOT EXISTS `tax_document_line` (
  `id` int(11) NOT NULL,
  `tax_document_id` int(11) NOT NULL,
  `referral_document_type` int(11) NOT NULL,
  `referral_document` varchar(15) NOT NULL,
  `doc_emission_date` date NOT NULL,
  `tax_type_code` int(11) NOT NULL,
  `retention_type_code` int(11) NOT NULL,
  `tax_base_amount` decimal(15,2) NOT NULL,
  `tax_percentage` decimal(15,2) NOT NULL,
  `tax_total_amount` decimal(15,2) NOT NULL,
  PRIMARY KEY (`id`),
  KEY `fk_tax_document_line_idx` (`tax_document_id`),
  KEY `fk_document_type_idx` (`referral_document_type`),
  KEY `fk_tax_type_idx` (`tax_type_code`),
  KEY `fk_retention_type_idx` (`retention_type_code`),
  CONSTRAINT `fk_document_type` FOREIGN KEY (`referral_document_type`) REFERENCES `entity_masterdata` (`id`) ON DELETE NO ACTION ON UPDATE NO ACTION,
  CONSTRAINT `fk_retention_type` FOREIGN KEY (`retention_type_code`) REFERENCES `entity_masterdata` (`id`) ON DELETE NO ACTION ON UPDATE NO ACTION,
  CONSTRAINT `fk_tax_document_line` FOREIGN KEY (`tax_document_id`) REFERENCES `tax_document` (`id`) ON DELETE NO ACTION ON UPDATE NO ACTION,
  CONSTRAINT `fk_tax_type` FOREIGN KEY (`tax_type_code`) REFERENCES `entity_masterdata` (`id`) ON DELETE NO ACTION ON UPDATE NO ACTION
) ENGINE=InnoDB DEFAULT CHARSET=utf8;

-- Volcando datos para la tabla db_fact_quantum.tax_document_line: ~0 rows (aproximadamente)
/*!40000 ALTER TABLE `tax_document_line` DISABLE KEYS */;
/*!40000 ALTER TABLE `tax_document_line` ENABLE KEYS */;

-- Volcando estructura para tabla db_fact_quantum.transportation
CREATE TABLE IF NOT EXISTS `transportation` (
  `id` int(11) NOT NULL AUTO_INCREMENT,
  `principal_code` varchar(10) DEFAULT NULL,
  `concept` varchar(255) DEFAULT NULL,
  `company_id` int(11) NOT NULL,
  `dispatcher_id` int(11) NOT NULL,
  `trasportation_type_id` int(11) NOT NULL,
  PRIMARY KEY (`id`),
  KEY `fk_trasportation_company1_idx` (`company_id`),
  KEY `fk_trasportation_entity_masterdata1_idx` (`trasportation_type_id`),
  KEY `fk_trasportation_dispatcher1_idx` (`dispatcher_id`),
  CONSTRAINT `fk_trasportation_company1` FOREIGN KEY (`company_id`) REFERENCES `company` (`id`) ON DELETE NO ACTION ON UPDATE NO ACTION,
  CONSTRAINT `fk_trasportation_dispatcher1` FOREIGN KEY (`dispatcher_id`) REFERENCES `dispatcher` (`id`) ON DELETE NO ACTION ON UPDATE NO ACTION,
  CONSTRAINT `fk_trasportation_entity_masterdata1` FOREIGN KEY (`trasportation_type_id`) REFERENCES `entity_masterdata` (`id`) ON DELETE NO ACTION ON UPDATE NO ACTION
) ENGINE=InnoDB DEFAULT CHARSET=utf8;

-- Volcando datos para la tabla db_fact_quantum.transportation: ~0 rows (aproximadamente)
/*!40000 ALTER TABLE `transportation` DISABLE KEYS */;
/*!40000 ALTER TABLE `transportation` ENABLE KEYS */;

-- Volcando estructura para tabla db_fact_quantum.users
CREATE TABLE IF NOT EXISTS `users` (
  `id` int(11) NOT NULL AUTO_INCREMENT,
  `username` varchar(180) NOT NULL,
  `email` varchar(80) DEFAULT NULL,
  `enabled` tinyint(1) DEFAULT NULL,
  `salt` varchar(255) DEFAULT NULL,
  `password` varchar(255) NOT NULL,
  `last_login` datetime DEFAULT NULL,
  `password_requested_at` datetime DEFAULT NULL,
  `first_name` varchar(180) DEFAULT NULL,
  `last_name` varchar(180) DEFAULT NULL,
  `phone_number` varchar(80) DEFAULT NULL,
  `company_id` int(11) NOT NULL,
  `branch_office_id` int(11) NOT NULL,
  `is_active` tinyint(1) NOT NULL,
  `is_deleted` tinyint(1) unsigned zerofill DEFAULT '0',
  PRIMARY KEY (`id`),
  UNIQUE KEY `username_UNIQUE` (`username`),
  UNIQUE KEY `email_UNIQUE` (`email`),
  KEY `fk_users_company_idx` (`company_id`),
  KEY `fk_users_branch_office1_idx` (`branch_office_id`),
  CONSTRAINT `fk_users_branch_office1` FOREIGN KEY (`branch_office_id`) REFERENCES `branch_office` (`id`) ON DELETE NO ACTION ON UPDATE NO ACTION,
  CONSTRAINT `fk_users_company` FOREIGN KEY (`company_id`) REFERENCES `company` (`id`) ON DELETE NO ACTION ON UPDATE NO ACTION
) ENGINE=InnoDB AUTO_INCREMENT=2 DEFAULT CHARSET=utf8;

-- Volcando datos para la tabla db_fact_quantum.users: ~0 rows (aproximadamente)
/*!40000 ALTER TABLE `users` DISABLE KEYS */;
INSERT INTO `users` (`id`, `username`, `email`, `enabled`, `salt`, `password`, `last_login`, `password_requested_at`, `first_name`, `last_name`, `phone_number`, `company_id`, `branch_office_id`, `is_active`, `is_deleted`) VALUES
	(1, 'jxheredia', 'test@gmail.com', 1, 'Test', '$2y$10$HASzb7HfED.oTwxTmAG51ekLPQi9h0oibef6.ReONw2oLdDNZpH0O', NULL, NULL, 'Joel', 'Heredia', '+5812345678', 1, 1, 1, 0);
/*!40000 ALTER TABLE `users` ENABLE KEYS */;

-- Volcando estructura para tabla db_fact_quantum.user_role
CREATE TABLE IF NOT EXISTS `user_role` (
  `id` int(11) NOT NULL AUTO_INCREMENT,
  `users_id` int(11) NOT NULL,
  `role_id` int(11) NOT NULL,
  PRIMARY KEY (`id`),
  KEY `fk_user_role_users1_idx` (`users_id`),
  KEY `fk_user_role_entity_masterdata1_idx` (`role_id`),
  CONSTRAINT `fk_user_role_entity_masterdata1` FOREIGN KEY (`role_id`) REFERENCES `entity_masterdata` (`id`) ON DELETE NO ACTION ON UPDATE NO ACTION,
  CONSTRAINT `fk_user_role_users1` FOREIGN KEY (`users_id`) REFERENCES `users` (`id`) ON DELETE NO ACTION ON UPDATE NO ACTION
) ENGINE=InnoDB AUTO_INCREMENT=2 DEFAULT CHARSET=utf8;

-- Volcando datos para la tabla db_fact_quantum.user_role: ~0 rows (aproximadamente)
/*!40000 ALTER TABLE `user_role` DISABLE KEYS */;
INSERT INTO `user_role` (`id`, `users_id`, `role_id`) VALUES
	(1, 1, 50);
/*!40000 ALTER TABLE `user_role` ENABLE KEYS */;

/*!40101 SET SQL_MODE=IFNULL(@OLD_SQL_MODE, '') */;
/*!40014 SET FOREIGN_KEY_CHECKS=IF(@OLD_FOREIGN_KEY_CHECKS IS NULL, 1, @OLD_FOREIGN_KEY_CHECKS) */;
/*!40101 SET CHARACTER_SET_CLIENT=@OLD_CHARACTER_SET_CLIENT */;
