-- --------------------------------------------------------
-- Host:                         localhost
-- Versión del servidor:         10.1.30-MariaDB - mariadb.org binary distribution
-- SO del servidor:              Win32
-- HeidiSQL Versión:             9.4.0.5125
-- --------------------------------------------------------

/*!40101 SET @OLD_CHARACTER_SET_CLIENT=@@CHARACTER_SET_CLIENT */;
/*!40101 SET NAMES utf8 */;
/*!50503 SET NAMES utf8mb4 */;
/*!40014 SET @OLD_FOREIGN_KEY_CHECKS=@@FOREIGN_KEY_CHECKS, FOREIGN_KEY_CHECKS=0 */;
/*!40101 SET @OLD_SQL_MODE=@@SQL_MODE, SQL_MODE='NO_AUTO_VALUE_ON_ZERO' */;


-- Volcando estructura de base de datos para db_fact_quantum
CREATE DATABASE IF NOT EXISTS `db_fact_quantum` /*!40100 DEFAULT CHARACTER SET utf8 */;
USE `db_fact_quantum`;

-- Volcando estructura para tabla db_fact_quantum.aditional_field
CREATE TABLE IF NOT EXISTS `aditional_field` (
  `id` int(11) NOT NULL AUTO_INCREMENT,
  `name` varchar(180) NOT NULL,
  `value` varchar(180) NOT NULL,
  `invoice_id` int(11) NOT NULL,
  PRIMARY KEY (`id`),
  KEY `fk_aditional_field_invoice1_idx` (`invoice_id`),
  CONSTRAINT `fk_aditional_field_invoice1` FOREIGN KEY (`invoice_id`) REFERENCES `invoice` (`id`) ON DELETE NO ACTION ON UPDATE NO ACTION
) ENGINE=InnoDB DEFAULT CHARSET=utf8;

-- Volcando datos para la tabla db_fact_quantum.aditional_field: ~0 rows (aproximadamente)
/*!40000 ALTER TABLE `aditional_field` DISABLE KEYS */;
/*!40000 ALTER TABLE `aditional_field` ENABLE KEYS */;

-- Volcando estructura para tabla db_fact_quantum.audit_user
CREATE TABLE IF NOT EXISTS `audit_user` (
  `id` int(11) NOT NULL AUTO_INCREMENT,
  `concept` varchar(255) NOT NULL,
  `company_id` int(11) NOT NULL,
  `users_id` int(11) NOT NULL,
  `create_ad` datetime DEFAULT NULL,
  PRIMARY KEY (`id`),
  KEY `fk_audit_user_company1_idx` (`company_id`),
  KEY `fk_audit_user_users1_idx` (`users_id`),
  CONSTRAINT `fk_audit_user_company1` FOREIGN KEY (`company_id`) REFERENCES `company` (`id`) ON DELETE NO ACTION ON UPDATE NO ACTION,
  CONSTRAINT `fk_audit_user_users1` FOREIGN KEY (`users_id`) REFERENCES `users` (`id`) ON DELETE NO ACTION ON UPDATE NO ACTION
) ENGINE=InnoDB DEFAULT CHARSET=utf8;

-- Volcando datos para la tabla db_fact_quantum.audit_user: ~0 rows (aproximadamente)
/*!40000 ALTER TABLE `audit_user` DISABLE KEYS */;
/*!40000 ALTER TABLE `audit_user` ENABLE KEYS */;

-- Volcando estructura para tabla db_fact_quantum.branch_office
CREATE TABLE IF NOT EXISTS `branch_office` (
  `id` int(11) NOT NULL AUTO_INCREMENT,
  `name` varchar(180) NOT NULL,
  `phone` varchar(80) DEFAULT NULL,
  `address` varchar(80) DEFAULT NULL,
  `email` varchar(60) DEFAULT NULL,
  `emission_point` varchar(3) NOT NULL,
  `environment_type` tinyint(1) NOT NULL,
  `emission_type` tinyint(1) NOT NULL,
  `company_id` int(11) NOT NULL,
  `is_active` tinyint(1) NOT NULL,
  `is_deleted` tinyint(1) unsigned zerofill DEFAULT NULL,
  PRIMARY KEY (`id`),
  KEY `fk_branch_office_company1_idx` (`company_id`),
  CONSTRAINT `fk_branch_office_company1` FOREIGN KEY (`company_id`) REFERENCES `company` (`id`) ON DELETE NO ACTION ON UPDATE NO ACTION
) ENGINE=InnoDB AUTO_INCREMENT=2 DEFAULT CHARSET=utf8;

-- Volcando datos para la tabla db_fact_quantum.branch_office: ~1 rows (aproximadamente)
/*!40000 ALTER TABLE `branch_office` DISABLE KEYS */;
INSERT INTO `branch_office` (`id`, `name`, `phone`, `address`, `email`, `emission_point`, `environment_type`, `emission_type`, `company_id`, `is_active`, `is_deleted`) VALUES
	(1, 'GUAN YIN ART SUPPLIES', '', 'PICHINCHA / QUITO / LA MAGDALENA / GALTE S9-46 Y RODRIGO DE CHAVEZ', '', '001', 1, 1, 1, 1, 0);
/*!40000 ALTER TABLE `branch_office` ENABLE KEYS */;

-- Volcando estructura para tabla db_fact_quantum.branch_parameter
CREATE TABLE IF NOT EXISTS `branch_parameter` (
  `id` int(11) NOT NULL AUTO_INCREMENT,
  `branch_office_id` int(11) NOT NULL,
  `parameter_id` int(11) NOT NULL,
  `mail_configuration_id` int(11) NOT NULL,
  PRIMARY KEY (`id`),
  KEY `fk_branch_parameter_branch_office1_idx` (`branch_office_id`),
  KEY `fk_branch_parameter_parameter1_idx` (`parameter_id`),
  KEY `fk_branch_parameter_mail_configuration1_idx` (`mail_configuration_id`),
  CONSTRAINT `fk_branch_parameter_branch_office1` FOREIGN KEY (`branch_office_id`) REFERENCES `branch_office` (`id`) ON DELETE NO ACTION ON UPDATE NO ACTION,
  CONSTRAINT `fk_branch_parameter_mail_configuration1` FOREIGN KEY (`mail_configuration_id`) REFERENCES `mail_configuration` (`id`) ON DELETE NO ACTION ON UPDATE NO ACTION,
  CONSTRAINT `fk_branch_parameter_parameter1` FOREIGN KEY (`parameter_id`) REFERENCES `parameter` (`id`) ON DELETE NO ACTION ON UPDATE NO ACTION
) ENGINE=InnoDB DEFAULT CHARSET=utf8;

-- Volcando datos para la tabla db_fact_quantum.branch_parameter: ~0 rows (aproximadamente)
/*!40000 ALTER TABLE `branch_parameter` DISABLE KEYS */;
/*!40000 ALTER TABLE `branch_parameter` ENABLE KEYS */;

-- Volcando estructura para tabla db_fact_quantum.client
CREATE TABLE IF NOT EXISTS `client` (
  `id` int(11) NOT NULL AUTO_INCREMENT,
  `identification_type_id` int(11) NOT NULL,
  `identification_number` varchar(13) NOT NULL,
  `social_reason` varchar(255) NOT NULL,
  `comercial_name` varchar(255) DEFAULT NULL,
  `phone` varchar(80) DEFAULT NULL,
  `address` varchar(255) DEFAULT NULL,
  `email` varchar(80) DEFAULT NULL,
  `company_id` int(11) NOT NULL,
  `is_active` tinyint(1) NOT NULL,
  `is_deleted` tinyint(1) unsigned zerofill DEFAULT NULL,
  PRIMARY KEY (`id`),
  KEY `fk_client_company1_idx` (`company_id`),
  KEY `FK_identification_client` (`identification_type_id`),
  CONSTRAINT `FK_identification_client` FOREIGN KEY (`identification_type_id`) REFERENCES `entity_masterdata` (`id`),
  CONSTRAINT `fk_client_company1` FOREIGN KEY (`company_id`) REFERENCES `company` (`id`) ON DELETE NO ACTION ON UPDATE NO ACTION
) ENGINE=InnoDB AUTO_INCREMENT=7 DEFAULT CHARSET=utf8;

-- Volcando datos para la tabla db_fact_quantum.client: ~7 rows (aproximadamente)
/*!40000 ALTER TABLE `client` DISABLE KEYS */;
INSERT INTO `client` (`id`, `identification_type_id`, `identification_number`, `social_reason`, `comercial_name`, `phone`, `address`, `email`, `company_id`, `is_active`, `is_deleted`) VALUES
	(1, 17, '214748364756', 'Cliente 1', 'Cliente 1', NULL, '1773 Crossfields Rd', NULL, 1, 1, 0),
	(2, 17, '2147483647', 'TONNY', 'CARDENAS', '04124837191', 'San Diego', 'cardenat@gmail.com', 1, 1, 0),
	(3, 18, '1234567890', 'Cliente 3', 'Cliente 3 comercial', '7866017730', 'Valencia, Valencia', '', 1, 1, 0),
	(4, 19, '2147483647', 'Cliente 4', 'Cliente 4', NULL, '1773 Crossfields Rd', '', 1, 1, 0),
	(5, 18, '1150014512', 'saas', 'CARDENAS', NULL, '1773 Crossfields Rd', 'cardenat@gmail.com', 1, 1, NULL),
	(6, 18, '1150001454', 'Test', 'Test', '4124837191', 'Urb. Santa Cecilia, Av. 5ta. Casa 7', 'cardenat@gmail.com', 1, 1, NULL);
/*!40000 ALTER TABLE `client` ENABLE KEYS */;

-- Volcando estructura para tabla db_fact_quantum.company
CREATE TABLE IF NOT EXISTS `company` (
  `id` int(11) NOT NULL AUTO_INCREMENT,
  `name` varchar(180) NOT NULL,
  `comercial_name` varchar(180) NOT NULL,
  `ruc` varchar(13) NOT NULL,
  `special_code` varchar(5) DEFAULT NULL,
  `emission_code` varchar(3) NOT NULL,
  `tax_year` varchar(6) NOT NULL,
  `url` varchar(255) DEFAULT NULL,
  `phone` varchar(80) DEFAULT NULL,
  `address` varchar(255) NOT NULL,
  `logo` blob,
  `email` varchar(80) DEFAULT NULL,
  `digital_certificate` blob NOT NULL,
  `digital_certificate_pass` varchar(50) NOT NULL,
  `environment_type` tinyint(1) NOT NULL,
  `emission_type` tinyint(1) NOT NULL,
  `is_accounting` tinyint(1) NOT NULL,
  `is_active` tinyint(1) NOT NULL,
  `is_deleted` tinyint(1) unsigned zerofill DEFAULT NULL,
  PRIMARY KEY (`id`)
) ENGINE=InnoDB AUTO_INCREMENT=28 DEFAULT CHARSET=utf8;

-- Volcando datos para la tabla db_fact_quantum.company: ~2 rows (aproximadamente)
/*!40000 ALTER TABLE `company` DISABLE KEYS */;
INSERT INTO `company` (`id`, `name`, `comercial_name`, `ruc`, `special_code`, `emission_code`, `tax_year`, `url`, `phone`, `address`, `logo`, `email`, `digital_certificate`, `digital_certificate_pass`, `environment_type`, `emission_type`, `is_accounting`, `is_active`, `is_deleted`) VALUES
	(1, 'Quantum', 'Quantum Ecuador', '1234567890123', '123', '1', '102018', 'http://quantum.com', '+59312345678', 'Ecuador', NULL, 'test@quantum.com', _binary 0x4D49414341514D776741594A4B6F5A496876634E415163426F49416B67415343477077776744434142676B71686B69473977304242774767674353414249494674444343426241776767577342677371686B69473977304244416F424171434342505977676754794D43514743697147534962334451454D41514D7746675151362B41676E684750786D69677478725171454848765149434239414567675449684759304358503147425A70303134666D46683353364F337932647A366C44696A504C583846483979666C6F467047396C594F75436F2B52434D4F753644382B37357159544D2B736E452B4E5A45482F4C62776744546A69336B414D3168664C545034585463344D51343756705768756372452F6A726B654C683873333269474B68644E52735A412F54696C57586E4479507A2B5A3877667958624166544B53464D31315955524E533364394E59304E3053686D364B5376376A356F572F55357755475165673062697264537A6852374439573973777743686972434B414D624B576362736146754A555172566D776A754C684E6B646E4257686374726465414D58534F75304741487537474E6D59306F7A656A7579703838666B73637943722F3976526236586C556D6D4F37496D724F707A61414252566F35426444307A512B6B656673534F4D2B51386F797559637535794A706F5765676A5037344D6F78564A36446A42344344484A4B4470575A4A4C6D6D6C4F706A735A464231636E346D6D7A53613353645269564C753330506C62773132595277796B596F725A44704B5A675276306F4B57734C4968356B6D5958713353686732364D615A3859566B72334E565A387542366C46626932356B446B6D6D4D4531396556576B53726C396A714C495542346B64372F4B7A5332747578692B596F54676F4B44756667554D6A4A7847366D793775657A4B4E32364259744673796A2F30353656464F4736637438746B5A747A4766585274443175776E645A597854364837372B486F4765656C4872426177485135336C774B737150372F6A35794742382B71703653627939635841337A33414B374E70596B5A327578614D2B55614B774D6B78546E5471516B755A527A4A5348427334484C43367632793074684E5270573378474659762B3579582B4E7738342F5769506A4A504D6B6E6130654B55734375307A61467479617A3339354F664E337354495539683070584430373049764141706C4164554F3277472B48703867724B797459414E2F455A71594547545551637A636178676E6F7161416A546F76476F66763733516A634A31566543787778462F3957372F64576A36316839554F6347394D2B3430324F7756393267396B4A2F52513644436A6E38452B6C6C62347749517745444A4C6E69755A5339777377545433306F2B4B4B647A5738375A38466A625642782F61357044484F4E4D674E48316244594647384F6C4B59715A7754514D69426D427047714A63396E435A63584F434F48706A6B4E33655A6C4D7576415965797949632B7351322F526A4F34625078486936775079447661796B4C4C494E3933643551596E534737737946322B32502F4555574C763468756341724D7548393634486E4C5159587A496D4E74784246726A4C4244754D704A7846395755566C504C3655567A2B4E79716E532F412B562F4C502B4C4836356C66586D4B4D6D584C725849586E6A59567A71694B35326F6E5159306B653879363241324A4A4F6A4758434775797843487057327241477A2F68524265336279783870776E4C3871715845793048726D373665416E5747444264565A2F503867526F712B66565A2B445139734F6C326B7158384936556B7832454C78546A627252454A6453764B44642B4E637852316F496870544D5A6D312B74356D6D626D6E6B72354F374D786172414A6D41436E37426B7842502B4B6976676E69464F537774764F4A2B6E7756634C476C396738707947634635576B6F305A31366E5056646B4F527A75574F356C48505553786334674D2F39387236576E6C706C67564F4C2B502B457941654B4D766B576D6A316B70764C78764B6432615074642B754C76324A2B4D717374452F74486B543750346C5A77424C2F3252334A6563484E46656F4E4C68624E7677585976624D32446C772B39486F384B6F456E6A594E3433434F6B55654A53796A4C356D646352664D57796E504A37334474612B514F5079375A4B465537446A4B7041654F4B6D7432723739796A4C5455316D6E2F2F7A536436792B364D523953574A78426E345269384252524659557358594A4B37756C4F72744B2B4D48632F37686D576E4970673355375672326A366258793834396D33417133595255465272394D46797669564861622F5879367738656654786744565177583430636C636C6F4C482F66386C337063772F71356F48624535465135456A2B4F776E4F583930786151572B4A76716F4B4844434D4A38734A574D5947694D48734743537147534962334451454A46444675486D77415451424241464941535142424143414152514256414563415251424F41456B415151416741456F4151514253414545415451424A41457741544142504143414152674246414649415567424A414534414A77427A414341415577424641454D415651425341456B415641425A4143414152414242414651415151416741464D414C674242414334414941424A414551774977594A4B6F5A496876634E41516B564D52594546435A2B61475359517558592F75502F506D354C4D3147686549467241414141414141414D494147435371475349623344514548427143414D494143415141776741594A4B6F5A496876634E415163424D43514743697147534962334451454D4151597746675151695662366A5938796D5A61443641645A70616F6857514943423943676741534346476765494C6E717876697A47776B79734E336B6137534A4542776B2F6753697637395937742B69766B34707A532B75416C7762516F656C4D4A376336473269364E756B78746E756E4165324D3432434A6D506A6C55344472715169736F484B42463163367234793830314F495A7777423267515A7A5A5A6F72635655445A764938714566786B616B4F536E58474176507343635A416B36676B4C354C58344348582F70396464612B746A2B2F4D4746633467366441572F4C6A3157436334765A364D4B4A7631724F6A6256782B4658577256682F32582F5263705554634D6242595249644754335A31374B4864432B57466D4B48384C68547157697744636653637345355665426E6F594E354769747A51643569575472344C3349415539336639515730556A484B694878544A7A35496C4954646438386A71586D764B61315963316257564F78506166485663533876565376377A69614C4C3957677756324230324A635436754731466764467831434E4579336A79584C4C52434953555462326D72615A4D37574C6B79326E6B72733777454D2F68427036663137676C777A7149706F49453848476B526A6B4A5146675134576D63385A5456664C5A746A795364427046587365772F55546D6B34353447695673495A6256776F79526F4F3835534F78435133363269756D707061516C50665946724365526E5348324B536A6A675339766C393934364963452F6B6C7764507373366B7267636269786F3459766863706F706A6455515A6377316F45734947636B53734A2B46596F62326A746A7367524E68414E76366C686F75713956716141664A774163756176616463552F477679417465424879534C66397A6C372F596F436649483846704A5976714E79385172313568624E7832796E706C736A7074453551317473776C584837735054456D6D4C53386F6B6F4552784256726F775563496F79434A596C6D6F396470317947776D6B644559664A724F45584D7A4448514245544B64776C7873464749683858304C3043516F4965526931415174714F6C516830696549454266623062544D4E67467076512B484A694D414C5864573646506E70436E47616C68636356413032546B4C676A744D455A73446F4D65463473457070494F7A42304D376F7049497A47392F6873636B674439696F31556E335055694E656C394E55367A574F3469643769754B344446504E4366524A796F5455393043507A506964626C4A516A314E66423736695A327A4F396373566B785750534A6272637671385A7861445771664D63336C6C4458344A69646B6B784C564B6D7168796F5A783953354749377A4E7844514E575A357975676355773647474A4E2B64614F33792B5463363767707068737A69346672394C307A484A513473516561454D43327650334E614B796765527472534C75596634483235623242737A754E6F303263484C6C6B572F4D58622B5377596F41504262757968562B493853614E387242696A427335723366576F75656D6752534D41797A31772F467A79364530655A796666702B77436A43544D50686569544D75536A65374C50702F623169667A4E46692B30454F71376B6E39596B76752F354642577A46364439633763585579766F69446651656E7763312F54716A6E4A752F45756C34305364374D4854767443534D4B6765444B58334B515A2B384B78317061647A2F513947767077666F6A7065386470594C5252386859346868386C70713657755742652F5372564E47386B7A496479624C4370674F3543375076497641487063336E764377594666454D69334F5A586343785450496E696978393554743761394E474D645953366969544E773250594A4F56484D5761377A3669394B672F56626C6D67486D426B566F6A57663656564C2B4633485A574778325461454866384A7A397768626C3250474F4A4B5456664D6172624D6F524B2B502F3963777436375471552B78314468485971383447556E565044542F624D336644486862367137304542424F634E2F4E784A4B4D6E6371786C454437496E34476C37445431526B4F384850584E4D43566B785A314F51305848576A4445712B73347565792B773268727931704370333941692F6741576163736F6F394550357A4859315349593651776141446C69446E65774B6E794147434B2F7742374E74303930584977463269764D6D695745536E4C376A596E44645A6B63344B46717174544D746F6455784237717879536E386F535A797735732F312B3778355459475935777A373575754D6C59686E6E6D74775252727A43636441426F4261385230547A746343464842377A6E4E586A2F513438544F3770452B6D713246666A4F70496173425764516F4F674B5A7A314846356743386E652B553151714966764B4F6B3674374830376559433775394647773238626D4363474B6C4F576532313243346A4253567947735255616C333470595849596C3165675544425A5A763061485754613645726974306352446D6D6E6C55307A4F6F624E3373785048303375755879366B477862364F4F6B4A674B6D4E3964642F7136465A763475387877566446654D732B35386B6B502F3071376D374A4675515A36594471617834494E682F38326D422B464C6B45744F2F5873344766387964744B77763551722B6944725930524A34396562564E2B762F4A35576147432B56616A6430766A534461794C6B594662594432486635794A6B344758726B415A7136327368594E356D67662B5362773255467848532B4B67555466497A63773744446A73584C694E5A5A516F6F636D30475866437852665A3268317064614371537132743339755679535866585671624B654555693357416D72433154566F50567946774F3633394F72415635554B4D56527231654F37444E6E4454376F564A506C794776785770484E596B7771496B4E75524C384A6775514845673053436977794B796A6C4D463150753551707158304674646272645A3937496F3267792B794551627774314B596D6C414D7631786D323861456458333261466A38762F4E4C362F784F3443635870355A7266615445794C66416854536970593870517276545230353072346C55664C3455556D724D596A6947483052547A56316435784A504E6264614F775561383468675A38744E48696A7A6470643677727657324969694262744B527459715055443533576C615A515057536E4547685539727A794664497269364650616A783652684F764F50494B44796430536C4F42394B6B5A676F7063506C534734446F736D3046504E4172474450596A65625A43626F525179484B304D6571336A63386F434433763145334437707A3045426F37494F3537742F7A464536314E365976616D576A654F6B4549467739384331667A2B62366A4F712F38526C5243786C616452455541525570794E564F6653347447486E47526D42564B756F5564354874385759586A756F6B72523166476F4A41652F6E4A74444A71755151384E4B7459707276507A61736E386B7563705930747464335732435135316463647A784D48634851674B2F623458792B7069465762752B79717064334475754D56322F6C6B7177724455652F5144617665666530654D582B58724C506A6E634D5A302F53757565706C4E65516E726F6E3071693159596A4D77676358704A782B4D4D726F466C5351344E38384352396A7076444F57675A484F50493874464F4A37466656624C4355734F72503678363969504F507568704E3930744C464A6F2B672F4E4E534B58683770794D31416B7A564355716C2B48745A446D5163697257504C6B2B74487966766F6C4F666367314A4C525A2F314D5A4C54386F57355A77446346523171385166524D5642722F7451792F3030563931456649367956686947774C76595252737A59397741633833514B473433725A2F4B7747614B6755616E4245596A6B355555552B55646849334F502B6765352B63504A36425174554D59303374446C4D5A6C396A394F6662713356344856554B57463231696D64775439633572304E4C4372654C426B3663326E766639507349727833566C3146756E4441664A326235554C34412F6E487248356678616B4F67515A545A4B4E6873556A777438556E366F6F514C4F714A576D775A6F686868615161756A4C4A7475774A6A6867794E586F66772F6152377145586D61555A626A454B6D57616D47706F53464E47302B423131787942582B5139356866346F316649466946645133625067634779474B6B6A7A47613472544246693530486E4F6149735944704573732F782F4C35322B356365692B6C534567574131655059695243564C705877683342307A2B767A6C595132787151587567555463474A6F334D7950416C2F37645A78522B556B776C446A4D674F6C784631784D68312F6452704138324A6A46567437683448344C66627979485A72426E3877303931526A656E632F673267383043744E477A386A474D6E72774242322B4163706E6C7772656256557535316B4347463363516467524D64614E4A63382F354156512F5A4E796270644E52436F744C6B514C356163514572517967413335313970334C2F657652634C304542306363484C39704A4D495A4E424B5030736D5A66714778793779344D38343767437557305957597A6E336C38474A556A5747517836334578784E597233425A72564866373175466431307255636B50693453764D48536462526E54744973705663567A7A5076476979516275693679716A4D6645324E572B304A57516F4435476E68307166746D586736326162704833554272376A674631546672784F39527630445356546C786D3973455A5A4F63714C44366E39365171387246694857536C633466304B58474A44766D615633667943543262614F4B6A465438545655784246443161567976774869533642643836666B424C2F67742B4D455A474874764141547978487848544C6A2B6465777042346D30793330796F6A3558593845414C676C6F30506334585161464836796C6C4151662B6F6269457A3475584445507A793568724A4644714A7871456E734662386D6E6C41657551446D736D6D7947416D7961675175626B47337636367A4C30527230756B5A46476B596D56694133496A6F684C4367353769724557674F4D6F4A49725745444F424F73635041303078366A38327957426C517559783942626A474975506145474D714D4C4A412F46655776364A4D444A7047635A4970436F4565324D6271554B425272504C504F6944557178564D6F414D76474259727762393777423669452F524E594B4144462F35455677353033554F6A4B367A73373557566E4A652F6E592B37743672314D6A364E7432645450713634797967554168555047476548327A3570312F795A4873316D764C746C4349484E6759616B6B376F554A726A502B4838546C424B5549675844574F56384C4B4839464C5132547138334B424844784A34613741675857586635786243533670366578704A71785767787976594E30524F72364D6D707761707A306D454B2F497151453451494E504161514A77644849456B7A794759505956594E62796E47683354495555535141434A2F484B506A5977736979392B69646574534E424252526777685065534278533665782B37566E6C773233396F6C477370326B6B785479675759496D34782B74737261464B7767446C533772596F70773338417472524D4139676143742B704B2F7A6573506D415143794A77574E6655697149722F304F4B7534724877343144424B77666D6B636450644172757579742B68623545464F78626C4B462B796D303451782B7A534A3057544E492B685536416B624374437844496468355554625A6D35693231663873444443374252775073596D4F78355A51436867524E5A4A4D4C5642396C5070456A44416C35356E555876392F564435517A72343673596F2B6C51524A7949794E72467854634634774371576F3457555A4C7163534D5753653763614E67454B4B342B35693838706A6D39497A4F4B71476E79466D786676524776416A4847727430356C6341774C676C424843354D6F7541306450446A372B654F7452576342453979626A484333766D474D77722B454239712B2B6C7A7A356E5037576554414832524673506C47496A6A356A564A6938455A726C354C5A2F6A6B5153654F48636443637630484C5A49432B767131397371776B5A4E6F4E6E53714E3362492F5A775A48367778472F6F6D56707078393761354864432F5A6966426B2B5269754A707967434C4A4933524A37476E305330506A5667445135635A2F7375316378443255423962716B30356570396A37346C76777530412F766C616357444675346276484F364F546C315A534E6777565A474F306E3362795448672B544B7647586D6B5576413365616F43336E474C794B486E536E377665506A482B4637396249707549794D3045625642582F78755336564A6954634E55767554742B4371313562594459426A6B552B62316C336B4D3738444961756C524171686351752B7154636E38575245314C6C4179487636484F51617537446D524459596439474F5A556F6233586E49302F36356861445179352F7575556A67433274544439316B795A49456E714C3978384434767857582B3258773470766E5A6F7A54745A46532B36696D7A4D78756D6D693171425051457768747332594D5A2B33684754436834786F457854582F6C5053356D66547642724C30496F5579523767546F6E2B69326D6837772B3779665242456B3474614E46464E2B7537776C384852522B4D54394A47772F70747231553530444F452F76676E34616F31647A6944534334326C6A5471745931333279536A6645726757335738597A41376B7973426C5259484A3361336F794431533759535376747446744E366D4A4B45336D79523477735265677641597A544965577A36426C544633543967626D465543696E4E6F6F4B304D69326677564A796A51414A7345554A75453462335756652F5077324F384B554E596A43753936423252693146784A68304977497046326F424163712B51542F4A71796566703956692B79697436474578327439764D6777377350466F305A487635535976514F3273747968664376663372397334775276306E6A4579364551595272616453675567466C587A6D4F304B624832392F6E61444A75345337525076734C34346C6A51364962576534786E724F39626943547336524D6C533963303758772F6B6261452B7258693157737454423375566834367966504C714F6A6A4A766F5A75435A677A5271706730556D376C356A556F574A464C652B59372B654E3445696F745168746779614649584256476C3574672B454D6B467937524C5437626561376D426274516B2B6450304A566463416A325946624E767737484B72324E4678693776754B396733524C687972474E71654C455A68757754382B6A573043646A44437A45304A2F45477273537062735A4355474E4F7A58433368566832505752365668466266325550556431556178314D47744544494E7A324F454432665972632F73507044574D45473234417439692B6F525171345A334C66525677535837617A4F4A53316D4F314330754A65306B524267794E50673576314B647465595967364D726F364C3978514F634E32563437424E69596A376975306B6267534559347552436D4D7931746C4C534167564C7432726A664D6741656C746369446B424A79502B4751542B2F713869447A6B375375712B56776A73487A734D514234347871424B514C30687A706B6239512F4C4E6646785771374432534F3662346F5541774C5341763746547A7759547A41357944566C724D494579364847597070323537574B2B2B37585254636D4346672B7463644C533645684E6F5466676533513678623649616E6F502B4264514D6578704F5653764377496B49596B69673156786B6D6C394A476F384A3049796D3667566B5335734243336B33446A4E67746350415935734A6D55454937445150494B71527749495734574F3057447552634B78714A6C7A47416951536E7945304B3447474D6470462B4D676F4A432B3969313245496C2F32344B6C4F706D737861476B2B73414338347A36625A73676A4476536C4845584B73354F453131624F61376C2F7631796B333438465865516D55555A624A31534138632B65626A35557531656266704F764164324C5241722F7157354A4D524C6D47467A553942364652685239746564686F4264636950344F3966456D6C2F712B5A7139556733377361456432335732424B766334674F65304948734C35766758515939674E38322F52484B52435466707452583868314C6873427274696F69615666426370503955302F4A434C3138755642307961592B3063614445514E48686255432F367930705779537462536E59472B50492B454C47344F656B5A6E42384E764873717558592B462F316D2F367471496E516A37476F7562454B79357076556E445065755A61565167694A416562784C674D37633757314A6E6C424F6A6A4665734B7851752B376A75452B376950496773792F377A6A692B46334B756867476B4C2B6271596156644B4C42724646586678586A3146574F534359762F4A6558494B645838506839424C724F3055596953327148545A683964783356435731495467774745466D6977617A4679764E354747724D616B7744554665564B7244636279594255526332783330584C2B6C76774134554C516642624A444C582F5A63535257557A4C795A31664368613631426C5944366E69434B6373354B4237536164525179346D534B374978715776326F364E65544353477044477651655161542B676A7A726870656462515A474A37363335314942794776353439566E466D49743442424F66564B64552F6F7A66693754394D6D49664D386D32652F4D617343554D6B2F7261313234594F54492B4869727433344464452F6D397368487A2F4B784B4132784F77756A586474645050557849314558676A466C7656646572387452506B5873443141626F775546504979316C6744313359356944796250474130594A4C74304A517834706953623249563951317437474B66726F5572647232595A5957657554636D4452372B674466354F4D422B57672F6E68413331713358543069566A2B334C424E6C427641515463556E58652B6E646947545A7975455033533334762F4A426236774376303632664E4C383753725444704B73595A7945494955444C4D52784E51687045436A75544D444368786A6E68383643793359525A34494E5774364961454E7062787274715679627552624544666654634739427A58304D4871694D38703274344B384A6F4B6C43656F49743955324A395A397841536C44573930684F4264614F32457163782F5A593969586855534D5A4579644534756B6D6638752B53574745434B734E48584C636C6E44715347355752777172656D6947657A70302F7A5832646A464C5A673476727962317964656632574748696931657A466A46506865716E523038314854516A6B4B5A2B6770744435746859656F43797245622F324B44676C5A6A726E7269313437324F44324236674C714934735836574F55706D37746A676B375963456978384F6A645468314E46304241683332447168756D4776574141414141414141414141414141414141414141414141414441354D434577435159464B77344441686F4641415155786D565650355375646E555243774C714563364A76506848615A6745454F384270303365564739717031574C7255474761655143416766514141413D, '123', 1, 1, 1, 1, NULL),
	(27, 'TONNY', 'CARDENAS', '1234567890123', '123', '123', '201801', NULL, NULL, '1773 Crossfields Rd', NULL, 'cardenat@gmail.com', _binary 0x31, '123456', 1, 1, 1, 1, NULL);
/*!40000 ALTER TABLE `company` ENABLE KEYS */;

-- Volcando estructura para tabla db_fact_quantum.company_parameter
CREATE TABLE IF NOT EXISTS `company_parameter` (
  `id` int(11) NOT NULL AUTO_INCREMENT,
  `company_id` int(11) NOT NULL,
  `parameter_id` int(11) NOT NULL,
  `mail_configuration_id` int(11) NOT NULL,
  `emission_type` tinyint(1) NOT NULL,
  `environment_type` tinyint(1) NOT NULL,
  PRIMARY KEY (`id`),
  KEY `fk_company_parameter_company1_idx` (`company_id`),
  KEY `fk_company_parameter_parameter1_idx` (`parameter_id`),
  KEY `fk_company_parameter_mail_configuration1_idx` (`mail_configuration_id`),
  CONSTRAINT `fk_company_parameter_company1` FOREIGN KEY (`company_id`) REFERENCES `company` (`id`) ON DELETE NO ACTION ON UPDATE NO ACTION,
  CONSTRAINT `fk_company_parameter_mail_configuration1` FOREIGN KEY (`mail_configuration_id`) REFERENCES `mail_configuration` (`id`) ON DELETE NO ACTION ON UPDATE NO ACTION,
  CONSTRAINT `fk_company_parameter_parameter1` FOREIGN KEY (`parameter_id`) REFERENCES `parameter` (`id`) ON DELETE NO ACTION ON UPDATE NO ACTION
) ENGINE=InnoDB DEFAULT CHARSET=utf8;

-- Volcando datos para la tabla db_fact_quantum.company_parameter: ~0 rows (aproximadamente)
/*!40000 ALTER TABLE `company_parameter` DISABLE KEYS */;
/*!40000 ALTER TABLE `company_parameter` ENABLE KEYS */;

-- Volcando estructura para tabla db_fact_quantum.company_plan
CREATE TABLE IF NOT EXISTS `company_plan` (
  `id` int(11) NOT NULL AUTO_INCREMENT,
  `current_counter` int(11) NOT NULL,
  `start_date` date NOT NULL,
  `end_date` date NOT NULL,
  `company_id` int(11) NOT NULL,
  `plan_id` int(11) NOT NULL,
  `is_active` tinyint(1) NOT NULL,
  `is_deleted` tinyint(1) unsigned zerofill DEFAULT '0',
  PRIMARY KEY (`id`),
  KEY `fk_company_plan_company1_idx` (`company_id`),
  KEY `fk_company_plan_plan1_idx` (`plan_id`),
  CONSTRAINT `fk_company_plan_company1` FOREIGN KEY (`company_id`) REFERENCES `company` (`id`) ON DELETE NO ACTION ON UPDATE NO ACTION,
  CONSTRAINT `fk_company_plan_plan1` FOREIGN KEY (`plan_id`) REFERENCES `plan` (`id`) ON DELETE NO ACTION ON UPDATE NO ACTION
) ENGINE=InnoDB AUTO_INCREMENT=3 DEFAULT CHARSET=utf8;

-- Volcando datos para la tabla db_fact_quantum.company_plan: ~0 rows (aproximadamente)
/*!40000 ALTER TABLE `company_plan` DISABLE KEYS */;
INSERT INTO `company_plan` (`id`, `current_counter`, `start_date`, `end_date`, `company_id`, `plan_id`, `is_active`, `is_deleted`) VALUES
	(2, 0, '2018-06-24', '2018-06-25', 1, 1, 1, 0);
/*!40000 ALTER TABLE `company_plan` ENABLE KEYS */;

-- Volcando estructura para tabla db_fact_quantum.company_tax_year
CREATE TABLE IF NOT EXISTS `company_tax_year` (
  `id` int(11) NOT NULL AUTO_INCREMENT,
  `company_id` int(11) NOT NULL,
  `tax_year` varchar(6) NOT NULL,
  `is_opened` tinyint(1) NOT NULL,
  `is_active` tinyint(1) NOT NULL,
  `is_deleted` tinyint(1) unsigned zerofill DEFAULT '0',
  PRIMARY KEY (`id`),
  KEY `FK_company_tax_year_company` (`company_id`),
  CONSTRAINT `FK_company_tax_year_company` FOREIGN KEY (`company_id`) REFERENCES `company` (`id`)
) ENGINE=InnoDB AUTO_INCREMENT=2 DEFAULT CHARSET=utf8;

-- Volcando datos para la tabla db_fact_quantum.company_tax_year: ~1 rows (aproximadamente)
/*!40000 ALTER TABLE `company_tax_year` DISABLE KEYS */;
INSERT INTO `company_tax_year` (`id`, `company_id`, `tax_year`, `is_opened`, `is_active`, `is_deleted`) VALUES
	(1, 1, '102018', 0, 1, 0);
/*!40000 ALTER TABLE `company_tax_year` ENABLE KEYS */;

-- Volcando estructura para tabla db_fact_quantum.correlative_document
CREATE TABLE IF NOT EXISTS `correlative_document` (
  `id` int(11) NOT NULL AUTO_INCREMENT,
  `increment_number` int(9) NOT NULL,
  `serie` varchar(6) DEFAULT NULL,
  `company_id` int(11) NOT NULL,
  `document_type_id` int(11) NOT NULL,
  PRIMARY KEY (`id`),
  KEY `fk_correlative_document_company1_idx` (`company_id`),
  KEY `fk_correlative_document_entity_masterdata1_idx` (`document_type_id`),
  CONSTRAINT `fk_correlative_document_company1` FOREIGN KEY (`company_id`) REFERENCES `company` (`id`) ON DELETE NO ACTION ON UPDATE NO ACTION,
  CONSTRAINT `fk_correlative_document_entity_masterdata1` FOREIGN KEY (`document_type_id`) REFERENCES `entity_masterdata` (`id`) ON DELETE NO ACTION ON UPDATE NO ACTION
) ENGINE=InnoDB AUTO_INCREMENT=16 DEFAULT CHARSET=utf8;

-- Volcando datos para la tabla db_fact_quantum.correlative_document: ~10 rows (aproximadamente)
/*!40000 ALTER TABLE `correlative_document` DISABLE KEYS */;
INSERT INTO `correlative_document` (`id`, `increment_number`, `serie`, `company_id`, `document_type_id`) VALUES
	(6, 0, '000000', 27, 42),
	(7, 0, '000000', 27, 43),
	(8, 0, '000000', 27, 44),
	(9, 0, '000000', 27, 45),
	(10, 0, '000000', 27, 46),
	(11, 2, '000000', 1, 42),
	(12, 0, '000000', 1, 43),
	(13, 0, '000000', 1, 44),
	(14, 0, '000000', 1, 45),
	(15, 0, '000000', 1, 46);
/*!40000 ALTER TABLE `correlative_document` ENABLE KEYS */;

-- Volcando estructura para tabla db_fact_quantum.country_currency
CREATE TABLE IF NOT EXISTS `country_currency` (
  `id` int(11) NOT NULL AUTO_INCREMENT,
  `currency_id` int(11) NOT NULL,
  `country_id` int(11) NOT NULL,
  PRIMARY KEY (`id`),
  KEY `fk_country_currency_entity_masterdata1_idx` (`currency_id`),
  KEY `fk_country_currency_entity_masterdata2_idx` (`country_id`),
  CONSTRAINT `fk_country_currency_entity_masterdata1` FOREIGN KEY (`currency_id`) REFERENCES `entity_masterdata` (`id`) ON DELETE NO ACTION ON UPDATE NO ACTION,
  CONSTRAINT `fk_country_currency_entity_masterdata2` FOREIGN KEY (`country_id`) REFERENCES `entity_masterdata` (`id`) ON DELETE NO ACTION ON UPDATE NO ACTION
) ENGINE=InnoDB DEFAULT CHARSET=utf8;

-- Volcando datos para la tabla db_fact_quantum.country_currency: ~0 rows (aproximadamente)
/*!40000 ALTER TABLE `country_currency` DISABLE KEYS */;
/*!40000 ALTER TABLE `country_currency` ENABLE KEYS */;

-- Volcando estructura para tabla db_fact_quantum.country_language
CREATE TABLE IF NOT EXISTS `country_language` (
  `id` int(11) NOT NULL AUTO_INCREMENT,
  `country_id` int(11) NOT NULL,
  `language_id` int(11) NOT NULL,
  PRIMARY KEY (`id`),
  KEY `fk_country_language_entity_masterdata1_idx` (`country_id`),
  KEY `fk_country_language_entity_masterdata2_idx` (`language_id`),
  CONSTRAINT `fk_country_language_entity_masterdata1` FOREIGN KEY (`country_id`) REFERENCES `entity_masterdata` (`id`) ON DELETE NO ACTION ON UPDATE NO ACTION,
  CONSTRAINT `fk_country_language_entity_masterdata2` FOREIGN KEY (`language_id`) REFERENCES `entity_masterdata` (`id`) ON DELETE NO ACTION ON UPDATE NO ACTION
) ENGINE=InnoDB DEFAULT CHARSET=utf8;

-- Volcando datos para la tabla db_fact_quantum.country_language: ~0 rows (aproximadamente)
/*!40000 ALTER TABLE `country_language` DISABLE KEYS */;
/*!40000 ALTER TABLE `country_language` ENABLE KEYS */;

-- Volcando estructura para tabla db_fact_quantum.country_tax
CREATE TABLE IF NOT EXISTS `country_tax` (
  `id` int(11) NOT NULL AUTO_INCREMENT,
  `value` decimal(15,2) NOT NULL,
  `country_id` int(11) NOT NULL,
  `tax_id` int(11) NOT NULL,
  `tax_percentage_id` int(11) DEFAULT NULL,
  PRIMARY KEY (`id`),
  KEY `fk_country_tax_entity_masterdata1_idx` (`country_id`),
  KEY `fk_country_tax_entity_masterdata2_idx` (`tax_id`),
  KEY `fk_entitymd_tax_percentage` (`tax_percentage_id`),
  CONSTRAINT `fk_country_tax_entity_masterdata1` FOREIGN KEY (`country_id`) REFERENCES `entity_masterdata` (`id`) ON DELETE NO ACTION ON UPDATE NO ACTION,
  CONSTRAINT `fk_country_tax_entity_masterdata2` FOREIGN KEY (`tax_id`) REFERENCES `entity_masterdata` (`id`) ON DELETE NO ACTION ON UPDATE NO ACTION,
  CONSTRAINT `fk_entitymd_tax_percentage` FOREIGN KEY (`tax_percentage_id`) REFERENCES `entity_masterdata` (`id`) ON DELETE NO ACTION ON UPDATE NO ACTION
) ENGINE=InnoDB AUTO_INCREMENT=6 DEFAULT CHARSET=utf8;

-- Volcando datos para la tabla db_fact_quantum.country_tax: ~5 rows (aproximadamente)
/*!40000 ALTER TABLE `country_tax` DISABLE KEYS */;
INSERT INTO `country_tax` (`id`, `value`, `country_id`, `tax_id`, `tax_percentage_id`) VALUES
	(1, 0.00, 28, 29, 24),
	(2, 12.00, 28, 29, 23),
	(3, 14.00, 28, 29, 25),
	(4, 0.00, 28, 29, 26),
	(5, 0.00, 28, 29, 27);
/*!40000 ALTER TABLE `country_tax` ENABLE KEYS */;

-- Volcando estructura para tabla db_fact_quantum.dispatcher
CREATE TABLE IF NOT EXISTS `dispatcher` (
  `id` int(11) NOT NULL AUTO_INCREMENT,
  `first_name` varchar(180) DEFAULT NULL,
  `last_name` varchar(180) DEFAULT NULL,
  `phone` varchar(80) DEFAULT NULL,
  `address` varchar(255) DEFAULT NULL,
  `email` varchar(60) DEFAULT NULL,
  `dni` varchar(50) DEFAULT NULL,
  `passport` varchar(50) DEFAULT NULL,
  `ruc` varchar(50) DEFAULT NULL,
  `company_id` int(11) NOT NULL,
  `identificacion_type_id` int(11) NOT NULL,
  PRIMARY KEY (`id`),
  KEY `fk_dispatcher_company1_idx` (`company_id`),
  KEY `fk_dispatcher_entity_masterdata1_idx` (`identificacion_type_id`),
  CONSTRAINT `fk_dispatcher_company1` FOREIGN KEY (`company_id`) REFERENCES `company` (`id`) ON DELETE NO ACTION ON UPDATE NO ACTION,
  CONSTRAINT `fk_dispatcher_entity_masterdata1` FOREIGN KEY (`identificacion_type_id`) REFERENCES `entity_masterdata` (`id`) ON DELETE NO ACTION ON UPDATE NO ACTION
) ENGINE=InnoDB DEFAULT CHARSET=utf8;

-- Volcando datos para la tabla db_fact_quantum.dispatcher: ~0 rows (aproximadamente)
/*!40000 ALTER TABLE `dispatcher` DISABLE KEYS */;
/*!40000 ALTER TABLE `dispatcher` ENABLE KEYS */;

-- Volcando estructura para tabla db_fact_quantum.entity
CREATE TABLE IF NOT EXISTS `entity` (
  `id` int(11) NOT NULL AUTO_INCREMENT,
  `name` varchar(50) NOT NULL,
  PRIMARY KEY (`id`)
) ENGINE=InnoDB AUTO_INCREMENT=20 DEFAULT CHARSET=utf8;

-- Volcando datos para la tabla db_fact_quantum.entity: ~19 rows (aproximadamente)
/*!40000 ALTER TABLE `entity` DISABLE KEYS */;
INSERT INTO `entity` (`id`, `name`) VALUES
	(1, 'Payment Type'),
	(2, 'Mail Server Type'),
	(3, 'Mail Security Type'),
	(4, 'Mail Identification Type'),
	(5, 'Permission'),
	(6, 'Role'),
	(7, 'Module'),
	(8, 'Document Type'),
	(9, 'Tax'),
	(10, 'Currency'),
	(11, 'Country'),
	(12, 'Language'),
	(13, 'Transportation Type'),
	(14, 'Identification Type'),
	(15, 'Emission Type'),
	(16, 'Environment Type'),
	(17, 'Tax Percentage'),
	(18, 'Bank'),
	(19, 'Time Unit');
/*!40000 ALTER TABLE `entity` ENABLE KEYS */;

-- Volcando estructura para tabla db_fact_quantum.entity_masterdata
CREATE TABLE IF NOT EXISTS `entity_masterdata` (
  `id` int(11) NOT NULL AUTO_INCREMENT,
  `code` varchar(50) NOT NULL,
  `name` varchar(200) NOT NULL,
  `description` varchar(255) DEFAULT NULL,
  `field` varchar(5) DEFAULT NULL,
  `is_active` tinyint(1) NOT NULL,
  `entity_id` int(11) NOT NULL,
  `is_deleted` tinyint(1) unsigned zerofill DEFAULT '0',
  PRIMARY KEY (`id`),
  KEY `fk_entity_masterdata_entity1_idx` (`entity_id`),
  CONSTRAINT `fk_entity_masterdata_entity1` FOREIGN KEY (`entity_id`) REFERENCES `entity` (`id`) ON DELETE NO ACTION ON UPDATE NO ACTION
) ENGINE=InnoDB AUTO_INCREMENT=68 DEFAULT CHARSET=utf8;

-- Volcando datos para la tabla db_fact_quantum.entity_masterdata: ~73 rows (aproximadamente)
/*!40000 ALTER TABLE `entity_masterdata` DISABLE KEYS */;
INSERT INTO `entity_masterdata` (`id`, `code`, `name`, `description`, `field`, `is_active`, `entity_id`, `is_deleted`) VALUES
	(1, '01', 'Sin utilización del Sistema Financiero', 'Sin utilización del Sistema Financiero', NULL, 1, 1, 0),
	(2, '15', 'Compensación de Deudas', 'Compensación de deudas', NULL, 1, 1, 0),
	(3, '16', 'Tarjeta de Débito', 'Tarjeta de Debito', NULL, 1, 1, 0),
	(4, 'CO', 'Colombia', 'Colombia', NULL, 0, 11, 1),
	(5, 'IMAP', 'IMAP', 'IMAP', NULL, 1, 2, 0),
	(6, 'POP', 'POP', 'POP', NULL, 1, 2, 0),
	(7, 'Ninguna', 'Ninguna', 'Ninguna', NULL, 1, 3, 0),
	(8, 'STARTTLS', 'STARTTLS', 'STARTTLS', NULL, 1, 3, 0),
	(9, 'SSL/TLS', 'SSL/TLS', 'SSL/TLS', NULL, 1, 3, 0),
	(10, '1', 'Contraseña normal', 'Contraseña normal', NULL, 1, 4, 0),
	(11, '2', 'Contraseña Cifrada', 'Contraseña Cifrada', NULL, 1, 4, 0),
	(12, '3', 'Kerberos / GSSAPI', 'Kerberos / GSSAPI', NULL, 1, 4, 0),
	(13, 'NTLM', 'NTLM', 'NTLM', NULL, 1, 4, 0),
	(14, 'TLS', 'Certificado TLS', 'Certificado TLS', NULL, 1, 4, 0),
	(15, 'OAuth2', 'OAuth2', 'OAuth2', NULL, 1, 4, 0),
	(17, '04', 'RUC', 'RUC', NULL, 1, 14, 0),
	(18, '05', 'CEDULA', 'CEDULA', NULL, 1, 14, 0),
	(19, '06', 'PASAPORTE', 'PASAPORTE', NULL, 1, 14, 0),
	(20, '07', 'VENTA A CONSUMIDOR FINAL', 'VENTA A CONSUMIDOR FINAL', NULL, 0, 14, 0),
	(21, '08', 'IDENTIFICACION DEL EXTERIOR', 'IDENTIFICACION DEL EXTERIOR', NULL, 0, 14, 0),
	(22, '09', 'PLACA', 'PLACA', NULL, 0, 14, 0),
	(23, '2', 'IVA 12 %', 'IVA 12 %', NULL, 1, 17, 0),
	(24, '0', 'IVA 0%', 'IVA 0%', NULL, 1, 17, 0),
	(25, '3', 'IVA 14%', 'IVA 14%', NULL, 1, 17, 0),
	(26, '6', 'no objeto de impuesto', 'no objeto de impuesto', NULL, 1, 17, 0),
	(27, '7', 'Exento de IVA', 'Exento de IVA', NULL, 1, 17, 0),
	(28, 'EC', 'Ecuador', 'Ecuador', NULL, 1, 11, 0),
	(29, '2', 'IVA', 'IVA', NULL, 1, 9, 0),
	(30, '3', 'ICE', 'ICE', NULL, 1, 9, 0),
	(31, '5', 'IRBPNR', 'IRBPNR', NULL, 1, 9, 0),
	(32, '01', 'Banco A', 'Banco A', NULL, 1, 18, 0),
	(33, '17', 'Dinero Electrónico', 'Dinero Electrónico', NULL, 1, 1, 0),
	(34, '18', 'Tarjeta Prepago', 'Tarjeta Prepago', NULL, 1, 1, 0),
	(35, '19', 'Tarjeta de Crédito', 'Tarjeta de Crédito', NULL, 1, 1, 0),
	(36, '20', 'Otros con utilización Sistema Financiero', 'Otros con Utilización Sistema Financiero', NULL, 1, 1, 0),
	(37, '21', 'Endoso de Titulos', 'Endoso de Titulos', NULL, 1, 1, 0),
	(38, 'DD', 'Dias', 'Dias', NULL, 1, 19, 0),
	(39, 'SE', 'Semanas', 'Semanas', NULL, 1, 19, 0),
	(40, 'ME', 'Meses', 'Meses', NULL, 1, 19, 0),
	(41, 'AN', 'Años', 'Años', NULL, 1, 19, 0),
	(42, '01', 'Factura', 'Factura', NULL, 1, 8, 0),
	(43, '04', 'Nota de Crédito', 'Nota de Crédito', NULL, 1, 8, 0),
	(44, '05', 'Nota de Debito', 'Nota de Debito', NULL, 1, 8, 0),
	(45, '06', 'Guía de Remisión', 'Guía de Remisión', NULL, 1, 8, 0),
	(46, '07', 'Comprobante de Retención', 'Comprobante de Retención', NULL, 1, 8, 0),
	(47, '1', 'Emisión Normal', 'Emisión Normal', NULL, 1, 15, 0),
	(48, '1', 'Prueba', 'Prueba', NULL, 1, 16, 0),
	(49, '2', 'Producción', 'Producción', NULL, 1, 16, 0),
	(50, '1', 'Súper Administrador', 'Rol de súper administrador', NULL, 1, 6, 0),
	(51, '1', 'Facturación', 'Módulo de facturación electrónica', NULL, 1, 7, 0),
	(52, '2', 'MasterData', 'Módulo de MasterData', NULL, 1, 7, 0),
	(53, '3', 'Servidor de Correo', 'Módulo de servidor de correo', NULL, 1, 7, 0),
	(54, '4', 'Compañías', 'Módulo de compañías', NULL, 1, 7, 0),
	(55, '5', 'Sucursales', 'Módulo de sucursales', NULL, 1, 7, 0),
	(56, '6', 'Clientes', 'Módulo de clientes', NULL, 1, 7, 0),
	(57, '7', 'Productos', 'Módulo de productos', NULL, 1, 7, 0),
	(58, '8', 'Impuestos', 'Módulo de impuestos', NULL, 1, 7, 0),
	(59, '9', 'Planes', 'Módulo de planes', NULL, 1, 7, 0),
	(60, '10', 'Planes por compañía', 'Módulo de planes por compañía', NULL, 1, 7, 0),
	(61, '11', 'Usuarios', 'Módulo de usuarios', NULL, 1, 7, 0),
	(62, '12', 'Permisología', 'Módulo de permisología', NULL, 1, 7, 0),
	(63, '1', 'Lectura', 'Permiso de lectura', NULL, 1, 5, 0),
	(64, '2', 'Creación', 'Permiso de creación', NULL, 1, 5, 0),
	(65, '3', 'Edición', 'Permiso de edición', NULL, 1, 5, 0),
	(66, '4', 'Eliminación', 'Permiso de eliminación', NULL, 1, 5, 0),
	(67, '5', 'Envío SRI', 'Permiso de interacción SRI', NULL, 1, 5, 0);
/*!40000 ALTER TABLE `entity_masterdata` ENABLE KEYS */;

-- Volcando estructura para tabla db_fact_quantum.guide
CREATE TABLE IF NOT EXISTS `guide` (
  `id` int(11) NOT NULL AUTO_INCREMENT,
  `name` varchar(180) DEFAULT NULL,
  `principal_code` int(10) DEFAULT NULL,
  `description` varchar(255) DEFAULT NULL,
  `company_id` int(11) NOT NULL,
  PRIMARY KEY (`id`),
  KEY `fk_guide_company1_idx` (`company_id`),
  CONSTRAINT `fk_guide_company1` FOREIGN KEY (`company_id`) REFERENCES `company` (`id`) ON DELETE NO ACTION ON UPDATE NO ACTION
) ENGINE=InnoDB DEFAULT CHARSET=utf8;

-- Volcando datos para la tabla db_fact_quantum.guide: ~0 rows (aproximadamente)
/*!40000 ALTER TABLE `guide` DISABLE KEYS */;
/*!40000 ALTER TABLE `guide` ENABLE KEYS */;

-- Volcando estructura para tabla db_fact_quantum.guide_product
CREATE TABLE IF NOT EXISTS `guide_product` (
  `id` int(11) NOT NULL AUTO_INCREMENT,
  `guide_id` int(11) NOT NULL,
  `product_id` int(11) NOT NULL,
  PRIMARY KEY (`id`),
  KEY `fk_guide_product_guide1_idx` (`guide_id`),
  KEY `fk_guide_product_product1_idx` (`product_id`),
  CONSTRAINT `fk_guide_product_guide1` FOREIGN KEY (`guide_id`) REFERENCES `guide` (`id`) ON DELETE NO ACTION ON UPDATE NO ACTION,
  CONSTRAINT `fk_guide_product_product1` FOREIGN KEY (`product_id`) REFERENCES `product` (`id`) ON DELETE NO ACTION ON UPDATE NO ACTION
) ENGINE=InnoDB DEFAULT CHARSET=utf8;

-- Volcando datos para la tabla db_fact_quantum.guide_product: ~0 rows (aproximadamente)
/*!40000 ALTER TABLE `guide_product` DISABLE KEYS */;
/*!40000 ALTER TABLE `guide_product` ENABLE KEYS */;

-- Volcando estructura para tabla db_fact_quantum.invoice
CREATE TABLE IF NOT EXISTS `invoice` (
  `id` int(11) NOT NULL AUTO_INCREMENT,
  `principal_code` varchar(9) NOT NULL,
  `invoice_date` date NOT NULL,
  `concept` varchar(255) DEFAULT NULL,
  `referral_code` varchar(15) DEFAULT NULL,
  `total_discount` decimal(15,2) DEFAULT NULL,
  `total_ice` decimal(15,2) DEFAULT NULL,
  `total_iva` decimal(15,2) DEFAULT NULL,
  `total_invoice` decimal(15,2) DEFAULT NULL,
  `tip` decimal(5,2) DEFAULT '10.00',
  `solidarity_discount` decimal(5,2) DEFAULT '2.00',
  `xml_generated` blob,
  `auth_code` varchar(49) NOT NULL,
  `auth_date` datetime DEFAULT NULL,
  `emission_type` tinyint(1) NOT NULL,
  `environment_type` tinyint(1) NOT NULL,
  `status` varchar(1) NOT NULL,
  `branch_office_id` int(11) NOT NULL,
  `company_id` int(11) NOT NULL,
  `client_id` int(11) NOT NULL,
  `is_deleted` tinyint(1) unsigned zerofill DEFAULT '0',
  PRIMARY KEY (`id`),
  KEY `fk_invoice_branch_office1_idx` (`branch_office_id`),
  KEY `fk_invoice_company1_idx` (`company_id`),
  KEY `fk_invoice_client1_idx` (`client_id`),
  CONSTRAINT `fk_invoice_branch_office1` FOREIGN KEY (`branch_office_id`) REFERENCES `branch_office` (`id`) ON DELETE NO ACTION ON UPDATE NO ACTION,
  CONSTRAINT `fk_invoice_client1` FOREIGN KEY (`client_id`) REFERENCES `client` (`id`) ON DELETE NO ACTION ON UPDATE NO ACTION,
  CONSTRAINT `fk_invoice_company1` FOREIGN KEY (`company_id`) REFERENCES `company` (`id`) ON DELETE NO ACTION ON UPDATE NO ACTION
) ENGINE=InnoDB AUTO_INCREMENT=3 DEFAULT CHARSET=utf8;

-- Volcando datos para la tabla db_fact_quantum.invoice: ~1 rows (aproximadamente)
/*!40000 ALTER TABLE `invoice` DISABLE KEYS */;
INSERT INTO `invoice` (`id`, `principal_code`, `invoice_date`, `concept`, `referral_code`, `total_discount`, `total_ice`, `total_iva`, `total_invoice`, `tip`, `solidarity_discount`, `xml_generated`, `auth_code`, `auth_date`, `emission_type`, `environment_type`, `status`, `branch_office_id`, `company_id`, `client_id`, `is_deleted`) VALUES
	(1, '000000000', '2018-04-24', NULL, '001001000000000', 0.00, 0.00, 0.00, 0.00, 10.00, 2.00, NULL, '2404201801123456789012310010010000000000007383811', NULL, 1, 1, 'P', 1, 1, 5, 0),
	(2, '000000001', '2018-04-25', NULL, '001001000000001', 0.00, 0.00, 126.00, 1176.00, 10.00, 2.00, NULL, '2504201801123456789012310010010000000010006407911', NULL, 1, 1, 'P', 1, 1, 6, 0);
/*!40000 ALTER TABLE `invoice` ENABLE KEYS */;

-- Volcando estructura para tabla db_fact_quantum.invoice_line
CREATE TABLE IF NOT EXISTS `invoice_line` (
  `id` int(11) NOT NULL AUTO_INCREMENT,
  `quantity` decimal(15,6) NOT NULL,
  `unit_price` decimal(15,6) NOT NULL,
  `discount` decimal(15,2) DEFAULT NULL,
  `invoice_id` int(11) NOT NULL,
  `product_id` int(11) NOT NULL,
  `country_tax_id` int(11) NOT NULL,
  PRIMARY KEY (`id`),
  KEY `fk_invoice_line_invoice1_idx` (`invoice_id`),
  KEY `fk_invoice_line_product1_idx` (`product_id`),
  KEY `FK_invoice_line_country_tax` (`country_tax_id`),
  CONSTRAINT `FK_invoice_line_country_tax` FOREIGN KEY (`country_tax_id`) REFERENCES `country_tax` (`id`),
  CONSTRAINT `fk_invoice_line_invoice1` FOREIGN KEY (`invoice_id`) REFERENCES `invoice` (`id`) ON DELETE NO ACTION ON UPDATE NO ACTION,
  CONSTRAINT `fk_invoice_line_product1` FOREIGN KEY (`product_id`) REFERENCES `product` (`id`) ON DELETE NO ACTION ON UPDATE NO ACTION
) ENGINE=InnoDB AUTO_INCREMENT=4 DEFAULT CHARSET=utf8;

-- Volcando datos para la tabla db_fact_quantum.invoice_line: ~3 rows (aproximadamente)
/*!40000 ALTER TABLE `invoice_line` DISABLE KEYS */;
INSERT INTO `invoice_line` (`id`, `quantity`, `unit_price`, `discount`, `invoice_id`, `product_id`, `country_tax_id`) VALUES
	(1, 10.000000, 60.000000, 0.00, 1, 1, 2),
	(2, 20.000000, 70.000000, 0.00, 1, 2, 2),
	(3, 15.000000, 70.000000, 0.00, 2, 2, 2);
/*!40000 ALTER TABLE `invoice_line` ENABLE KEYS */;

-- Volcando estructura para tabla db_fact_quantum.invoice_payment
CREATE TABLE IF NOT EXISTS `invoice_payment` (
  `id` int(11) NOT NULL AUTO_INCREMENT,
  `document_number` varchar(20) NOT NULL,
  `mount` decimal(15,2) NOT NULL,
  `time_limit` int(3) DEFAULT NULL,
  `unit_time_id` int(11) DEFAULT NULL,
  `invoice_id` int(11) NOT NULL,
  `payment_type_id` int(11) NOT NULL,
  `bank_id` int(11) DEFAULT NULL,
  PRIMARY KEY (`id`),
  KEY `fk_invoice_paiment_invoice1_idx` (`invoice_id`),
  KEY `fk_invoice_paiment_entity_masterdata1_idx` (`payment_type_id`),
  KEY `fk_invoice_paiment_entity_masterdata2_idx` (`bank_id`),
  KEY `FK_invoice_payment_time_unit` (`unit_time_id`),
  CONSTRAINT `FK_invoice_payment_time_unit` FOREIGN KEY (`unit_time_id`) REFERENCES `entity_masterdata` (`id`),
  CONSTRAINT `fk_invoice_paiment_entity_masterdata1` FOREIGN KEY (`payment_type_id`) REFERENCES `entity_masterdata` (`id`) ON DELETE NO ACTION ON UPDATE NO ACTION,
  CONSTRAINT `fk_invoice_paiment_entity_masterdata2` FOREIGN KEY (`bank_id`) REFERENCES `entity_masterdata` (`id`) ON DELETE NO ACTION ON UPDATE NO ACTION,
  CONSTRAINT `fk_invoice_paiment_invoice1` FOREIGN KEY (`invoice_id`) REFERENCES `invoice` (`id`) ON DELETE NO ACTION ON UPDATE NO ACTION
) ENGINE=InnoDB DEFAULT CHARSET=utf8;

-- Volcando datos para la tabla db_fact_quantum.invoice_payment: ~0 rows (aproximadamente)
/*!40000 ALTER TABLE `invoice_payment` DISABLE KEYS */;
/*!40000 ALTER TABLE `invoice_payment` ENABLE KEYS */;

-- Volcando estructura para tabla db_fact_quantum.invoice_tax
CREATE TABLE IF NOT EXISTS `invoice_tax` (
  `id` int(11) NOT NULL AUTO_INCREMENT,
  `invoice_id` int(11) NOT NULL,
  `country_tax_id` int(11) NOT NULL,
  `subtotal` decimal(15,2) NOT NULL,
  `subtotal_tax` decimal(15,2) DEFAULT NULL,
  PRIMARY KEY (`id`),
  KEY `FK_invoice_tax_invoice` (`invoice_id`),
  KEY `FK_invoice_tax_country_tax` (`country_tax_id`),
  CONSTRAINT `FK_invoice_tax_country_tax` FOREIGN KEY (`country_tax_id`) REFERENCES `country_tax` (`id`),
  CONSTRAINT `FK_invoice_tax_invoice` FOREIGN KEY (`invoice_id`) REFERENCES `invoice` (`id`)
) ENGINE=InnoDB AUTO_INCREMENT=3 DEFAULT CHARSET=utf8;

-- Volcando datos para la tabla db_fact_quantum.invoice_tax: ~1 rows (aproximadamente)
/*!40000 ALTER TABLE `invoice_tax` DISABLE KEYS */;
INSERT INTO `invoice_tax` (`id`, `invoice_id`, `country_tax_id`, `subtotal`, `subtotal_tax`) VALUES
	(1, 1, 2, 2000.00, 240.00),
	(2, 2, 2, 1050.00, 126.00);
/*!40000 ALTER TABLE `invoice_tax` ENABLE KEYS */;

-- Volcando estructura para tabla db_fact_quantum.mail_configuration
CREATE TABLE IF NOT EXISTS `mail_configuration` (
  `id` int(11) NOT NULL AUTO_INCREMENT,
  `company_id` int(11) NOT NULL,
  `subject` varchar(255) DEFAULT NULL,
  `body` varchar(255) DEFAULT NULL,
  `legend` varchar(255) DEFAULT NULL,
  `host_server` varchar(60) NOT NULL,
  `port` int(5) NOT NULL,
  `user` varchar(50) NOT NULL,
  `password` varchar(100) NOT NULL,
  `server_type_id` int(11) NOT NULL,
  `security_type_id` int(11) NOT NULL,
  `identification_type_id` int(11) DEFAULT NULL,
  `is_active` tinyint(1) NOT NULL,
  `is_deleted` tinyint(1) unsigned zerofill DEFAULT '0',
  PRIMARY KEY (`id`),
  KEY `fk_mail_configuration_entity_masterdata3_idx` (`server_type_id`),
  KEY `fk_mail_configuration_entity_masterdata4_idx` (`security_type_id`),
  KEY `FK_mail_configuration_company` (`company_id`),
  CONSTRAINT `FK_mail_configuration_company` FOREIGN KEY (`company_id`) REFERENCES `company` (`id`),
  CONSTRAINT `fk_mail_configuration_entity_masterdata3` FOREIGN KEY (`server_type_id`) REFERENCES `entity_masterdata` (`id`) ON DELETE NO ACTION ON UPDATE NO ACTION,
  CONSTRAINT `fk_mail_configuration_entity_masterdata4` FOREIGN KEY (`security_type_id`) REFERENCES `entity_masterdata` (`id`) ON DELETE NO ACTION ON UPDATE NO ACTION
) ENGINE=InnoDB AUTO_INCREMENT=2 DEFAULT CHARSET=utf8;

-- Volcando datos para la tabla db_fact_quantum.mail_configuration: ~1 rows (aproximadamente)
/*!40000 ALTER TABLE `mail_configuration` DISABLE KEYS */;
INSERT INTO `mail_configuration` (`id`, `company_id`, `subject`, `body`, `legend`, `host_server`, `port`, `user`, `password`, `server_type_id`, `security_type_id`, `identification_type_id`, `is_active`, `is_deleted`) VALUES
	(1, 1, NULL, NULL, NULL, 'ddasda', 993, 'asdas', 'asdasda', 5, 9, 15, 1, 0);
/*!40000 ALTER TABLE `mail_configuration` ENABLE KEYS */;

-- Volcando estructura para tabla db_fact_quantum.parameter
CREATE TABLE IF NOT EXISTS `parameter` (
  `id` int(11) NOT NULL AUTO_INCREMENT,
  `logo` varchar(255) NOT NULL,
  `system_current_version` varchar(60) DEFAULT NULL,
  PRIMARY KEY (`id`)
) ENGINE=InnoDB DEFAULT CHARSET=utf8;

-- Volcando datos para la tabla db_fact_quantum.parameter: ~0 rows (aproximadamente)
/*!40000 ALTER TABLE `parameter` DISABLE KEYS */;
/*!40000 ALTER TABLE `parameter` ENABLE KEYS */;

-- Volcando estructura para tabla db_fact_quantum.plan
CREATE TABLE IF NOT EXISTS `plan` (
  `id` int(11) NOT NULL AUTO_INCREMENT,
  `name` varchar(180) NOT NULL,
  `document_count` int(11) NOT NULL,
  `duration` int(11) NOT NULL,
  `price` decimal(15,4) NOT NULL,
  `is_active` tinyint(1) NOT NULL,
  `is_deleted` tinyint(1) unsigned zerofill DEFAULT NULL,
  PRIMARY KEY (`id`)
) ENGINE=InnoDB AUTO_INCREMENT=13 DEFAULT CHARSET=utf8;

-- Volcando datos para la tabla db_fact_quantum.plan: ~11 rows (aproximadamente)
/*!40000 ALTER TABLE `plan` DISABLE KEYS */;
INSERT INTO `plan` (`id`, `name`, `document_count`, `duration`, `price`, `is_active`, `is_deleted`) VALUES
	(1, 'Plan A', 1500, 890, 150.0000, 0, 0),
	(2, 'Plan B', 2000, 250, 250.0000, 0, 0),
	(3, 'Plan C', 1500, 150, 500.0000, 1, 0),
	(4, 'Plan C', 1500, 150, 500.0000, 1, 0),
	(5, 'Plan D', 150, 200, 150.0000, 1, 0),
	(6, 'Plan F', 150, 200, 150.0000, 1, 0),
	(7, 'Plan G', 1500, 150, 300.0000, 1, 0),
	(8, 'Plan H', 1500, 150, 300.0000, 1, 0),
	(9, 'Plan I', 233, 12, 123.0000, 1, 0),
	(10, 'Plan B', 1500, 88, 150.0000, 1, 0),
	(11, 'Plan 11', 1500, 888, 150.0000, 0, 1),
	(12, 'Plan AA', 1234, 355, 1567.0000, 1, NULL);
/*!40000 ALTER TABLE `plan` ENABLE KEYS */;

-- Volcando estructura para tabla db_fact_quantum.product
CREATE TABLE IF NOT EXISTS `product` (
  `id` int(11) NOT NULL AUTO_INCREMENT,
  `name` varchar(180) NOT NULL,
  `principal_code` varchar(50) NOT NULL,
  `auxiliary_code` varchar(50) DEFAULT NULL,
  `description` varchar(255) DEFAULT NULL,
  `unit_price` decimal(15,6) NOT NULL,
  `unit_cost` decimal(15,2) DEFAULT NULL,
  `is_purchase_active` tinyint(1) NOT NULL,
  `is_sale_active` tinyint(1) NOT NULL,
  `min_stock` decimal(15,6) NOT NULL,
  `max_stock` decimal(15,6) DEFAULT NULL,
  `company_id` int(11) NOT NULL,
  `is_active` tinyint(1) NOT NULL,
  `is_deleted` tinyint(1) unsigned zerofill DEFAULT '0',
  PRIMARY KEY (`id`),
  KEY `fk_product_company1_idx` (`company_id`),
  CONSTRAINT `fk_product_company1` FOREIGN KEY (`company_id`) REFERENCES `company` (`id`) ON DELETE NO ACTION ON UPDATE NO ACTION
) ENGINE=InnoDB AUTO_INCREMENT=46 DEFAULT CHARSET=utf8;

-- Volcando datos para la tabla db_fact_quantum.product: ~26 rows (aproximadamente)
/*!40000 ALTER TABLE `product` DISABLE KEYS */;
INSERT INTO `product` (`id`, `name`, `principal_code`, `auxiliary_code`, `description`, `unit_price`, `unit_cost`, `is_purchase_active`, `is_sale_active`, `min_stock`, `max_stock`, `company_id`, `is_active`, `is_deleted`) VALUES
	(1, 'Producto A', '123456789-0', NULL, 'Descripcion Producto A', 60.000000, 50.00, 1, 1, 100.000000, 150.000000, 1, 1, 0),
	(2, 'Producto B', '123456789-1', NULL, 'Producto B', 70.000000, 50.00, 1, 0, 100.000000, 50.000000, 1, 1, 0),
	(3, 'Producto C', '123456789-2', NULL, 'Producto C', 80.000000, 50.00, 1, 1, 100.000000, 150.000000, 1, 1, 0),
	(4, 'Plan hosting', '05', NULL, 'Hosting plan basico', 60.000000, 60.00, 1, 1, 1.000000, 150.000000, 1, 1, 0),
	(24, 'Producto X', '123456789-0', '123456', 'Producto X', 100.000000, 50.00, 1, 1, 1.000000, 2.000000, 1, 1, 0),
	(25, 'Producto Z', '123456789-0', '123456', 'Producto Z', 125.000000, 100.00, 1, 1, 1.000000, 2.000000, 1, 1, 0),
	(26, 'Producto A1', '10000010', '10000010', 'Description A1', 30.000000, 10.00, 1, 1, 10.000000, 10.000000, 1, 1, 0),
	(27, 'Producto A2', '10000011', '10000011', 'Description A2', 20.000000, 11.00, 0, 1, 5.000000, 5.000000, 1, 1, 0),
	(28, 'Producto A3', '10000012', '10000012', 'Description A3', 25.000000, 12.00, 1, 1, 10.000000, 10.000000, 1, 1, 0),
	(29, 'Producto A4', '10000013', '10000013', 'Description A4', 26.000000, 13.00, 0, 1, 11.000000, 11.000000, 1, 1, 0),
	(30, 'Producto A5', '10000014', '10000014', 'Description A5', 27.000000, 14.00, 1, 1, 12.000000, 12.000000, 1, 1, 0),
	(31, 'Producto A6', '10000015', '10000015', 'Description A6', 28.000000, 15.00, 0, 1, 13.000000, 13.000000, 1, 1, 0),
	(32, 'Producto A7', '10000016', '10000016', 'Description A7', 29.000000, 16.00, 0, 1, 14.000000, 14.000000, 1, 1, 0),
	(33, 'Producto A8', '10000017', '10000017', 'Description A8', 30.000000, 17.00, 0, 1, 15.000000, 15.000000, 1, 1, 0),
	(34, 'Producto A9', '10000018', '10000018', 'Description A9', 31.000000, 18.00, 1, 1, 16.000000, 16.000000, 1, 1, 0),
	(35, 'Producto A10', '10000019', '10000019', 'Description A10', 32.000000, 19.00, 1, 1, 17.000000, 17.000000, 1, 1, 0),
	(36, 'Producto B1', '10000020', '10000020', 'Description B1', 33.000000, 20.00, 1, 0, 18.000000, 18.000000, 1, 1, 0),
	(37, 'Producto B2', '10000021', '10000021', 'Description B2', 34.000000, 21.00, 1, 0, 19.000000, 19.000000, 1, 1, 0),
	(38, 'Producto B3', '10000022', '10000022', 'Description B3', 35.000000, 22.00, 1, 0, 20.000000, 20.000000, 1, 1, 0),
	(39, 'Producto B4', '10000023', '10000023', 'Description B4', 36.000000, 23.00, 1, 0, 21.000000, 21.000000, 1, 1, 0),
	(40, 'Producto B5', '10000024', '10000024', 'Description B5', 37.000000, 24.00, 1, 0, 22.000000, 22.000000, 1, 1, 0),
	(41, 'Producto B6', '10000025', '10000025', 'Description B6', 38.000000, 25.00, 1, 0, 23.000000, 23.000000, 1, 1, 0),
	(42, 'Producto B7', '10000026', '10000026', 'Description B7', 39.000000, 26.00, 1, 0, 24.000000, 24.000000, 1, 1, 0),
	(43, 'Producto B8', '10000027', '10000027', 'Description B8', 40.000000, 27.00, 0, 0, 25.000000, 25.000000, 1, 1, 0),
	(44, 'Producto B9', '10000028', '10000028', 'Description B9', 41.000000, 28.00, 0, 0, 26.000000, 26.000000, 1, 1, 0),
	(45, 'Producto B10', '10000029', '10000029', 'Description B10', 42.000000, 29.00, 0, 0, 27.000000, 27.000000, 1, 1, 0);
/*!40000 ALTER TABLE `product` ENABLE KEYS */;

-- Volcando estructura para tabla db_fact_quantum.product_tax
CREATE TABLE IF NOT EXISTS `product_tax` (
  `id` int(11) NOT NULL AUTO_INCREMENT,
  `product_id` int(11) NOT NULL,
  `country_tax_id` int(11) NOT NULL,
  `is_default` tinyint(1) NOT NULL,
  PRIMARY KEY (`id`),
  UNIQUE KEY `product_id` (`product_id`,`country_tax_id`),
  KEY `fk_product_tax_product1_idx` (`product_id`),
  KEY `fk_product_tax_country_tax1_idx` (`country_tax_id`),
  CONSTRAINT `fk_product_tax_country_tax1` FOREIGN KEY (`country_tax_id`) REFERENCES `country_tax` (`id`) ON DELETE NO ACTION ON UPDATE NO ACTION,
  CONSTRAINT `fk_product_tax_product1` FOREIGN KEY (`product_id`) REFERENCES `product` (`id`) ON DELETE NO ACTION ON UPDATE NO ACTION
) ENGINE=InnoDB AUTO_INCREMENT=17 DEFAULT CHARSET=utf8;

-- Volcando datos para la tabla db_fact_quantum.product_tax: ~8 rows (aproximadamente)
/*!40000 ALTER TABLE `product_tax` DISABLE KEYS */;
INSERT INTO `product_tax` (`id`, `product_id`, `country_tax_id`, `is_default`) VALUES
	(1, 4, 2, 1),
	(2, 3, 3, 1),
	(3, 2, 2, 1),
	(4, 1, 1, 0),
	(9, 25, 2, 1),
	(10, 25, 3, 0),
	(16, 24, 3, 1);
/*!40000 ALTER TABLE `product_tax` ENABLE KEYS */;

-- Volcando estructura para tabla db_fact_quantum.role_module_permission
CREATE TABLE IF NOT EXISTS `role_module_permission` (
  `id` int(11) NOT NULL AUTO_INCREMENT,
  `role_id` int(11) NOT NULL,
  `module_id` int(11) NOT NULL,
  `permission_id` int(11) NOT NULL,
  `is_active` tinyint(1) DEFAULT NULL,
  `is_deleted` tinyint(1) DEFAULT '0',
  PRIMARY KEY (`id`),
  KEY `fk_role_module_permission_entity_masterdata1_idx` (`role_id`),
  KEY `fk_role_module_permission_entity_masterdata2_idx` (`module_id`),
  KEY `fk_role_module_permission_entity_masterdata3_idx` (`permission_id`),
  CONSTRAINT `fk_role_module_permission_entity_masterdata1` FOREIGN KEY (`role_id`) REFERENCES `entity_masterdata` (`id`) ON DELETE NO ACTION ON UPDATE NO ACTION,
  CONSTRAINT `fk_role_module_permission_entity_masterdata2` FOREIGN KEY (`module_id`) REFERENCES `entity_masterdata` (`id`) ON DELETE NO ACTION ON UPDATE NO ACTION,
  CONSTRAINT `fk_role_module_permission_entity_masterdata3` FOREIGN KEY (`permission_id`) REFERENCES `entity_masterdata` (`id`) ON DELETE NO ACTION ON UPDATE NO ACTION
) ENGINE=InnoDB AUTO_INCREMENT=86 DEFAULT CHARSET=utf8;

-- Volcando datos para la tabla db_fact_quantum.role_module_permission: ~39 rows (aproximadamente)
/*!40000 ALTER TABLE `role_module_permission` DISABLE KEYS */;
INSERT INTO `role_module_permission` (`id`, `role_id`, `module_id`, `permission_id`, `is_active`, `is_deleted`) VALUES
	(47, 50, 51, 63, 1, 0),
	(48, 50, 51, 64, 1, 0),
	(49, 50, 51, 65, 1, 0),
	(50, 50, 51, 66, 1, 0),
	(51, 50, 51, 67, 1, 0),
	(52, 50, 52, 63, 1, 0),
	(53, 50, 52, 64, 1, 0),
	(54, 50, 52, 65, 1, 0),
	(55, 50, 52, 66, 1, 0),
	(56, 50, 52, 67, 1, 0),
	(57, 50, 54, 63, 1, 0),
	(58, 50, 54, 64, 1, 0),
	(59, 50, 54, 65, 1, 0),
	(60, 50, 54, 66, 1, 0),
	(61, 50, 54, 67, 1, 0),
	(62, 50, 55, 63, 1, 0),
	(63, 50, 55, 64, 1, 0),
	(64, 50, 55, 65, 1, 0),
	(65, 50, 55, 66, 1, 0),
	(66, 50, 55, 67, 1, 0),
	(67, 50, 57, 63, 1, 0),
	(68, 50, 57, 64, 1, 0),
	(69, 50, 57, 65, 1, 0),
	(70, 50, 57, 66, 1, 0),
	(71, 50, 57, 67, 1, 0),
	(72, 50, 58, 63, 1, 0),
	(73, 50, 58, 64, 1, 0),
	(74, 50, 58, 65, 1, 0),
	(75, 50, 58, 66, 1, 0),
	(76, 50, 58, 67, 1, 0),
	(77, 50, 60, 63, 1, 0),
	(78, 50, 60, 64, 1, 0),
	(79, 50, 60, 65, 1, 0),
	(80, 50, 60, 66, 1, 0),
	(81, 50, 60, 67, 1, 0),
	(82, 50, 62, 63, 1, 0),
	(83, 50, 62, 64, 1, 0),
	(84, 50, 62, 65, 1, 0),
	(85, 50, 62, 66, 1, 0);
/*!40000 ALTER TABLE `role_module_permission` ENABLE KEYS */;

-- Volcando estructura para tabla db_fact_quantum.system_configuration
CREATE TABLE IF NOT EXISTS `system_configuration` (
  `id` int(11) NOT NULL AUTO_INCREMENT,
  `name` varchar(180) NOT NULL,
  `description` varchar(255) NOT NULL,
  `value` int(11) NOT NULL,
  PRIMARY KEY (`id`)
) ENGINE=InnoDB DEFAULT CHARSET=utf8;

-- Volcando datos para la tabla db_fact_quantum.system_configuration: ~0 rows (aproximadamente)
/*!40000 ALTER TABLE `system_configuration` DISABLE KEYS */;
/*!40000 ALTER TABLE `system_configuration` ENABLE KEYS */;

-- Volcando estructura para tabla db_fact_quantum.tax_document
CREATE TABLE IF NOT EXISTS `tax_document` (
  `id` int(11) NOT NULL AUTO_INCREMENT,
  `denomination_invoice_doc` int(2) NOT NULL,
  `denomination_retention` int(2) DEFAULT NULL,
  `tax_document_retention` int(10) DEFAULT NULL,
  `emission_date` datetime NOT NULL,
  `amount` decimal(15,2) NOT NULL,
  `concept` varchar(255) DEFAULT NULL,
  `xml_generated` blob,
  `auth_code` varchar(49) NOT NULL,
  `auth_date` datetime DEFAULT NULL,
  `emission_type` tinyint(1) NOT NULL,
  `environment_type` tinyint(1) NOT NULL,
  `invoice_id` int(11) NOT NULL,
  `document_type_id` int(11) NOT NULL,
  PRIMARY KEY (`id`),
  KEY `fk_tax_document_invoice1_idx` (`invoice_id`),
  KEY `fk_tax_document_entity_masterdata1_idx` (`document_type_id`),
  CONSTRAINT `fk_tax_document_entity_masterdata1` FOREIGN KEY (`document_type_id`) REFERENCES `entity_masterdata` (`id`) ON DELETE NO ACTION ON UPDATE NO ACTION,
  CONSTRAINT `fk_tax_document_invoice1` FOREIGN KEY (`invoice_id`) REFERENCES `invoice` (`id`) ON DELETE NO ACTION ON UPDATE NO ACTION
) ENGINE=InnoDB DEFAULT CHARSET=utf8;

-- Volcando datos para la tabla db_fact_quantum.tax_document: ~0 rows (aproximadamente)
/*!40000 ALTER TABLE `tax_document` DISABLE KEYS */;
/*!40000 ALTER TABLE `tax_document` ENABLE KEYS */;

-- Volcando estructura para tabla db_fact_quantum.transportation
CREATE TABLE IF NOT EXISTS `transportation` (
  `id` int(11) NOT NULL AUTO_INCREMENT,
  `principal_code` varchar(10) DEFAULT NULL,
  `concept` varchar(255) DEFAULT NULL,
  `company_id` int(11) NOT NULL,
  `dispatcher_id` int(11) NOT NULL,
  `trasportation_type_id` int(11) NOT NULL,
  PRIMARY KEY (`id`),
  KEY `fk_trasportation_company1_idx` (`company_id`),
  KEY `fk_trasportation_entity_masterdata1_idx` (`trasportation_type_id`),
  KEY `fk_trasportation_dispatcher1_idx` (`dispatcher_id`),
  CONSTRAINT `fk_trasportation_company1` FOREIGN KEY (`company_id`) REFERENCES `company` (`id`) ON DELETE NO ACTION ON UPDATE NO ACTION,
  CONSTRAINT `fk_trasportation_dispatcher1` FOREIGN KEY (`dispatcher_id`) REFERENCES `dispatcher` (`id`) ON DELETE NO ACTION ON UPDATE NO ACTION,
  CONSTRAINT `fk_trasportation_entity_masterdata1` FOREIGN KEY (`trasportation_type_id`) REFERENCES `entity_masterdata` (`id`) ON DELETE NO ACTION ON UPDATE NO ACTION
) ENGINE=InnoDB DEFAULT CHARSET=utf8;

-- Volcando datos para la tabla db_fact_quantum.transportation: ~0 rows (aproximadamente)
/*!40000 ALTER TABLE `transportation` DISABLE KEYS */;
/*!40000 ALTER TABLE `transportation` ENABLE KEYS */;

-- Volcando estructura para tabla db_fact_quantum.users
CREATE TABLE IF NOT EXISTS `users` (
  `id` int(11) NOT NULL AUTO_INCREMENT,
  `username` varchar(180) NOT NULL,
  `email` varchar(80) DEFAULT NULL,
  `enabled` tinyint(1) DEFAULT NULL,
  `salt` varchar(255) DEFAULT NULL,
  `password` varchar(255) NOT NULL,
  `last_login` datetime DEFAULT NULL,
  `password_requested_at` datetime DEFAULT NULL,
  `first_name` varchar(180) DEFAULT NULL,
  `last_name` varchar(180) DEFAULT NULL,
  `phone_number` varchar(80) DEFAULT NULL,
  `company_id` int(11) NOT NULL,
  `branch_office_id` int(11) NOT NULL,
  `is_active` tinyint(1) NOT NULL,
  `is_deleted` tinyint(1) unsigned zerofill DEFAULT NULL,
  PRIMARY KEY (`id`),
  UNIQUE KEY `username_UNIQUE` (`username`),
  UNIQUE KEY `email_UNIQUE` (`email`),
  KEY `fk_users_company_idx` (`company_id`),
  KEY `fk_users_branch_office1_idx` (`branch_office_id`),
  CONSTRAINT `fk_users_branch_office1` FOREIGN KEY (`branch_office_id`) REFERENCES `branch_office` (`id`) ON DELETE NO ACTION ON UPDATE NO ACTION,
  CONSTRAINT `fk_users_company` FOREIGN KEY (`company_id`) REFERENCES `company` (`id`) ON DELETE NO ACTION ON UPDATE NO ACTION
) ENGINE=InnoDB AUTO_INCREMENT=2 DEFAULT CHARSET=utf8;

-- Volcando datos para la tabla db_fact_quantum.users: ~0 rows (aproximadamente)
/*!40000 ALTER TABLE `users` DISABLE KEYS */;
INSERT INTO `users` (`id`, `username`, `email`, `enabled`, `salt`, `password`, `last_login`, `password_requested_at`, `first_name`, `last_name`, `phone_number`, `company_id`, `branch_office_id`, `is_active`, `is_deleted`) VALUES
	(1, 'jxheredia', 'test@gmail.com', 1, 'Test', '$2y$10$HASzb7HfED.oTwxTmAG51ekLPQi9h0oibef6.ReONw2oLdDNZpH0O', NULL, NULL, 'Joel', 'Heredia', '+5812345678', 1, 1, 1, NULL);
/*!40000 ALTER TABLE `users` ENABLE KEYS */;

-- Volcando estructura para tabla db_fact_quantum.user_role
CREATE TABLE IF NOT EXISTS `user_role` (
  `id` int(11) NOT NULL AUTO_INCREMENT,
  `users_id` int(11) NOT NULL,
  `role_id` int(11) NOT NULL,
  PRIMARY KEY (`id`),
  KEY `fk_user_role_users1_idx` (`users_id`),
  KEY `fk_user_role_entity_masterdata1_idx` (`role_id`),
  CONSTRAINT `fk_user_role_entity_masterdata1` FOREIGN KEY (`role_id`) REFERENCES `entity_masterdata` (`id`) ON DELETE NO ACTION ON UPDATE NO ACTION,
  CONSTRAINT `fk_user_role_users1` FOREIGN KEY (`users_id`) REFERENCES `users` (`id`) ON DELETE NO ACTION ON UPDATE NO ACTION
) ENGINE=InnoDB AUTO_INCREMENT=2 DEFAULT CHARSET=utf8;

-- Volcando datos para la tabla db_fact_quantum.user_role: ~0 rows (aproximadamente)
/*!40000 ALTER TABLE `user_role` DISABLE KEYS */;
INSERT INTO `user_role` (`id`, `users_id`, `role_id`) VALUES
	(1, 1, 50);
/*!40000 ALTER TABLE `user_role` ENABLE KEYS */;

/*!40101 SET SQL_MODE=IFNULL(@OLD_SQL_MODE, '') */;
/*!40014 SET FOREIGN_KEY_CHECKS=IF(@OLD_FOREIGN_KEY_CHECKS IS NULL, 1, @OLD_FOREIGN_KEY_CHECKS) */;
/*!40101 SET CHARACTER_SET_CLIENT=@OLD_CHARACTER_SET_CLIENT */;
